name,team,position,games_played,metric1_giveaway_rate,metric3_dzone_giveaway_rate,metric2_above_expected,total_giveaways,I_F_dZoneShiftStarts,confidence_dzone,metric3_dzone_giveaway_weighted,icetime_minutes,confidence,metric1_weighted,metric2_weighted,metric1_z,metric2_z,metric3_z,composite_score
Sam Lafferty,CHI,C,29,3.634894991922456,0.16666666666666666,-0.0011902762249483,15.0,18.0,0.3,0.12330043859649123,247.6,0.336095112571542,3.1565685658168605,0.0002480546092629953,-0.4423854094444603,-0.15421425399009014,-0.3823254788625335,-0.9789251422970839
Mason Marchment,CBJ,L,68,4.71647406611126,0.21505376344086022,-8.550042884389177e-05,78.0,93.0,0.7188524590163934,0.18403226676222548,992.2666666666667,0.900776355462473,4.5376677601220585,1.9844860919357338e-05,-2.9657695395560957,-0.2025472356218647,-1.7478934080294448,-4.916210183207405
Mikael Granlund,ANA,C,58,2.8538372541457773,0.08633093525179857,0.0063746479277799,37.0,139.0,0.9827868852459016,0.08664738075803378,777.9,0.7382219654431543,2.8696966606833385,0.004961451530498907,0.08175363558118891,0.8440451475947992,0.441826235350765,1.3676250185267531
Matt Boldy,MIN,L,76,3.561766660998346,0.11409395973154363,-0.0022630065331538,64.0,149.0,1.0,0.11409395973154363,1078.1166666666666,0.9658764692075756,3.5396769300119164,-0.002152473539920314,-1.1423565413581054,-0.6626267288433769,-0.17531586531662058,-1.980299135518103
Max Domi,TOR,C,80,4.50932215638098,0.1360544217687075,-0.0019705689854677,78.0,147.0,1.0,0.1360544217687075,1037.85,0.9353422283207249,4.406199379978728,-0.0017800377925518006,-2.7255657761819094,-0.5837478454160449,-0.6691014728534339,-3.978415094451388
Lawson Crouse,UTA,L,81,2.619220847939679,0.06626506024096386,-0.0030240501766352,44.0,166.0,1.0,0.06626506024096386,1007.9333333333333,0.9126563995161319,2.6450046629298063,-0.0026746543601560923,0.4922847716735391,-0.7732204093329442,0.9001269989002385,0.6191913612408334
Andrew Copp,DET,C,79,3.820427064574222,0.13855421686746988,-0.0057039297599838,66.0,166.0,1.0,0.13855421686746988,1036.5333333333333,0.9343437990864281,3.7609421264544,-0.005265338146664519,-1.5466266238773294,-1.321906312436867,-0.7253098913954031,-3.5938428277095995
Cole Schwindt,FLA,R,29,1.853878339233988,0.13793103448275862,0.0149682267327558,8.0,29.0,0.35163934426229504,0.1163950077107693,258.9166666666667,0.34467654864859987,2.5488765972537593,0.0057989202057294855,0.6679188147498563,1.0214142494447138,-0.22705541307615607,1.4622776511184141
Nick Paul,TBL,L,51,3.059316752591921,0.09574468085106383,-0.0020157158784637,30.0,94.0,0.7245901639344262,0.09821517081857067,588.3666666666667,0.5944987090833589,3.000561202516277,-0.0008024921552475726,-0.15734686452568028,-0.3767115742883929,0.18172204295107683,-0.35233639586299637
Mark Kastelic,BOS,C,82,2.4043844657905593,0.08433734939759036,0.0037318990651534,34.0,166.0,1.0,0.08433734939759036,848.45,0.7917200787188329,2.510614765464976,0.0031579412392306293,0.7378263923684125,0.46207623341271487,0.4937677763263283,1.6936704021074558
Matvei Gridin,CGY,R,37,4.534163663716194,0.3888888888888889,0.0083708202767357,36.0,36.0,0.3918032786885246,0.2160552080337456,476.3833333333333,0.5095816707891743,3.7398120091294738,0.0047443605030058015,-1.5080201262810875,0.7980670212421619,-2.4679359774486893,-3.177889082487615
Alex Steeves,BOS,C,43,2.553477433083212,0.07042253521126761,0.0136875983853255,19.0,71.0,0.5926229508196721,0.08439246259119283,446.45,0.4868832036398433,2.738683468534364,0.007165163802615326,0.32112573229021957,1.3107736092095654,0.4925285445770036,2.1244278860767887
Nikolaj Ehlers,CAR,L,82,4.1030444964871196,0.13725490196078433,0.0074771471581765,73.0,102.0,0.7704918032786885,0.1297867076079785,1067.5,0.9578258436095111,4.052915289179654,0.007202974985138398,-2.0800860946216138,1.3187817122973067,-0.528170601750398,-1.289474984074705
Kevin Fiala,LAK,L,56,4.217968067360394,0.15625,-0.0007512515464488,59.0,96.0,0.7360655737704918,0.14264811619211964,839.2666666666667,0.7847563507682307,3.937387767790721,-0.00037942964810206835,-1.8690076179517148,-0.2871103520120957,-0.8173620787216861,-2.973480048685497
Joe Veleno,MTL,C,61,1.8310801766831748,0.030303030303030304,-0.015669270974805,19.0,99.0,0.7532786885245901,0.048662027413914816,622.5833333333334,0.6204452308303392,2.2422672261186065,-0.009351404979305153,1.228119866532514,-2.187302267700094,1.2959348942115998,0.3367524930440198
Sam Carrick,BUF,C,73,2.3665757693806,0.1,0.0094606773485475,27.0,130.0,0.9311475409836065,0.10032463330457292,684.5333333333333,0.6674219582212432,2.548776952367422,0.00663892482330817,0.668100874319413,1.1993204434031817,0.13429033530011805,2.0017116530227126
Dylan Larkin,DET,C,74,3.0981551894099426,0.10810810810810811,0.0025074045264684,55.0,185.0,1.0,0.10810810810810811,1065.15,0.9560438370014623,3.090078924759815,0.002440098430904606,-0.3209032554094827,0.31004292405084327,-0.04072273264476135,-0.051583064003400805
Alex Tuch,BUF,R,79,2.7035957823905794,0.08383233532934131,0.0024191088747321,50.0,167.0,1.0,0.08383233532934131,1109.6333333333334,0.9897755791070106,2.70575134473749,0.0024043559159567275,0.3812954861374154,0.3024729480485565,0.5051231238633238,1.1888915580492956
Danila Yurov,MIN,R,73,2.808738296923763,0.2558139534883721,-0.0062686052014681,42.0,86.0,0.6786885245901639,0.20726409762492393,897.2,0.8286872370772924,2.826843035598826,-0.00502747846226192,0.16005080489523957,-1.2715295522826113,-2.2702660109972994,-3.381744758384671
Shane Wright,SEA,C,74,4.288064131893894,0.38333333333333336,0.0004257351452712,63.0,60.0,0.5295081967213114,0.25224564998561977,881.5166666666667,0.8167945546788957,4.0364051690513,0.000526582387948825,-2.049920719614583,-0.09522431991028034,-3.281685676156753,-5.426830715681617
Zach Hyman,EDM,L,58,1.4100531567658305,0.0547945205479452,-0.0164373778056584,21.0,73.0,0.6040983606557377,0.07455808547165127,893.5833333333334,0.8259447162691607,1.671896270458018,-0.013406453450334296,2.270235468167196,-3.046128784484477,0.713656582434358,-0.06223673388292272
Daniil But,UTA,L,29,3.3823989978077043,0.08108108108108109,0.0043159020818788,18.0,37.0,0.3975409836065573,0.09531949577921323,319.3,0.39046527163413797,3.097149952577682,0.002280234632440617,-0.3338226166347709,0.27618506262806636,0.24683190521711518,0.18919435121041062
Phillip Danault,MTL,C,75,2.770916120717431,0.09693877551020408,-0.0003682198362149,43.0,196.0,1.0,0.09693877551020408,931.1,0.8543936302742521,2.791811296626104,-0.0001724644726189679,0.22405673186882724,-0.24327679933677868,0.21042205990574445,0.191201992437793
Dylan Cozens,OTT,C,82,2.4138092342236983,0.08284023668639054,0.0079308625998782,43.0,169.0,1.0,0.08284023668639054,1068.85,0.9588495495332838,2.4344096201588235,0.007644674895265635,0.8770595879935367,1.412330186005754,0.5274306705040483,2.816820444503339
Nicolas Roy,COL,C,74,4.046176705909247,0.14012738853503184,-0.0074744245666098,59.0,157.0,1.0,0.14012738853503184,874.9,0.8117771318179354,3.8331543380351407,-0.0058838247140102,-1.6785643944983426,-1.4528967723799053,-0.7606829872033231,-3.892144154081571
Filip Forsberg,NSH,L,82,4.014096140080392,0.16428571428571428,-0.0006158898774224,81.0,140.0,0.9885245901639343,0.16360211491844365,1210.7333333333333,1.0,4.014096140080392,-0.0006158898774224,-2.0091602515066342,-0.3371907188822054,-1.2885171470391725,-3.634868117428012
Nate Danielson,DET,C,28,3.816651075771749,0.20930232558139536,-0.0382689265932888,17.0,43.0,0.43196721311475406,0.1498932457310833,267.25,0.35099572101756726,3.2310996793396916,-0.012798674750552165,-0.5785600085163792,-2.9174061644125264,-0.9802703401701832,-4.476236513099089
Jacob Quillan,TOR,C,23,3.5844673083305674,0.18518518518518517,0.0106334853363054,12.0,27.0,0.3401639344262295,0.13208799691624323,200.86666666666667,0.30065719392637263,3.1158750094314716,0.003879728812913902,-0.3680348669170987,0.6149450122185406,-0.579915575844132,-0.3330054305426901
Alex Turcotte,LAK,C,62,2.2362563412361527,0.140625,-0.0247386794041509,24.0,64.0,0.5524590163934426,0.12455376402070752,643.9333333333333,0.6366349504396337,2.4826775547912376,-0.015394792792124409,0.7888700207655477,-3.4672429988508386,-0.41050676462012126,-3.088879742705412
Pavel Buchnevich,STL,L,81,2.9733056988359228,0.06832298136645963,-0.0007049521331974,53.0,161.0,1.0,0.06832298136645963,1069.5166666666667,0.9593550833228013,2.970912321591408,-0.0006366220480773968,-0.10317587093602577,-0.34158162518979174,0.853854209580228,0.40909671345441045
Emmitt Finnie,DET,C,82,3.73947690733477,0.1320754716981132,1.479716819084833e-07,67.0,159.0,1.0,0.1320754716981132,1075.0166666666667,0.9635257370863197,3.7093835890775013,3.574856758115475e-05,-1.452424849287138,-0.19917895899240048,-0.5796339436802276,-2.231237751959766
Kevin Stenlund,UTA,C,80,2.468806553005048,0.05603448275862069,-0.0130979348774027,36.0,232.0,1.0,0.05603448275862069,874.9166666666666,0.8117897701626735,2.5526756876705696,-0.010449039658559516,0.6609775577379288,-2.419772428049749,1.130163685242366,-0.6286311850694544
Christian Dvorak,PHI,C,80,2.7742375292687984,0.16049382716049382,0.0019848793726463,52.0,162.0,1.0,0.16049382716049382,1124.6333333333334,1.0,2.7742375292687984,0.0019848793726463,0.25616547962463815,0.2136312039515699,-1.2186266430797796,-0.7488299595035716
Nico Sturm,MIN,C,49,2.4379232505643342,0.05263157894736842,0.0038935624320275,18.0,95.0,0.730327868852459,0.06667700244463617,443.0,0.48426706627909066,2.6836686606469686,0.0023889799671738296,0.42164240315399015,0.2992164462755654,0.8908643918127304,1.611723241242286
Kyle Connor,WPG,L,82,2.3988533782594486,0.09821428571428571,0.0056773418027829,53.0,112.0,0.8278688524590163,0.0993332460248983,1325.6333333333334,1.0,2.3988533782594486,0.0056773418027829,0.9420238258305085,0.9956649255920389,0.1565818867879673,2.0942706382105145
Nikita Kucherov,TBL,R,76,4.0072646317886225,0.14545454545454545,-0.0085636100197221,76.0,110.0,0.8163934426229509,0.1379744816586922,1137.9333333333334,1.0,4.0072646317886225,-0.0085636100197221,-1.9966785125560518,-2.020453657649498,-0.7122744232985879,-4.729406593504137
Cole Sillinger,CBJ,C,81,3.0508012893267353,0.0755813953488372,0.0025672550576615,56.0,172.0,1.0,0.0755813953488372,1101.35,0.9834943217722567,3.048550234645112,0.00254099353229617,-0.24502685347407718,0.3314116916766301,0.6906472446276415,0.7770320828301944
Jonathan Drouin,STL,L,64,2.261750500647897,0.102803738317757,-0.0100366070473344,32.0,107.0,0.7991803278688524,0.10318753964638117,848.9,0.792061314026757,2.397465877249329,-0.007746619460886412,0.9445589066153544,-1.8474216554666718,0.06991728409024692,-0.8329454647610706
Erik Haula,NSH,L,81,2.7212672954941337,0.125,0.0066681699896411,46.0,136.0,0.9655737704918033,0.12430166091458153,1014.2333333333333,0.9174336938270713,2.7372152558391956,0.006198204639854936,0.32380828009699075,1.1059794678918202,-0.404838173257623,1.024949574731188
Jordan Staal,CAR,C,75,2.6520267307456193,0.0967741935483871,0.0093887545525281,42.0,186.0,1.0,0.0967741935483871,950.2166666666667,0.8688898116886632,2.6864292490364283,0.008285782285316077,0.4165985764973267,1.5481115535073882,0.2141227199313791,2.178832849936094
Kevin Hayes,PIT,R,28,3.439307892362401,0.044444444444444446,0.0051507322658044,18.0,45.0,0.44344262295081965,0.0779884179369188,314.01666666666665,0.3864589163522126,3.117268014837479,0.0025894821475480065,-0.3705800046951619,0.34168118878324893,0.6365248354998506,0.6076260195879377
Travis Konecny,PHI,R,77,4.6169676543835845,0.17763157894736842,-0.0025355831021969,86.0,152.0,1.0,0.17763157894736842,1117.6166666666666,0.9958293462364813,4.609866920379801,-0.0025209366916415024,-3.0976834643147213,-0.7406642485960796,-1.6039725963468847,-5.442320309257686
Nikita Nesterenko,ANA,C,29,2.4203558129913114,0.06349206349206349,-0.0021146494599733,13.0,63.0,0.5467213114754098,0.08217750232822493,322.26666666666665,0.39271489699749035,2.7203940382696308,-0.00023762566419560953,0.35454205623647267,-0.2570774134579421,0.5423323919308799,0.6397970347094104
Brendan Gallagher,MTL,R,77,2.24805108474508,0.06896551724137931,0.0016144592304878,31.0,116.0,0.8508196721311474,0.07429862371445857,827.3833333333333,0.7757452109700831,2.3974876546529993,0.0014713254199638366,0.9445191174712849,0.10486462433749309,0.7194906346137316,1.7688743764225094
Scott Sabourin,TBL,R,26,2.90838584585555,0.047619047619047616,-0.0035120275551126,10.0,21.0,0.30573770491803276,0.08725855365873701,206.3,0.30477729431093936,2.9125813899924218,-0.00039171332714137033,0.0033996362385750297,-0.28971193602717993,0.428083884139162,0.1417715843505571
Mitch Marner,VGK,R,81,3.98027320734954,0.18803418803418803,0.0070640119422026,76.0,117.0,0.8565573770491803,0.17608265257774533,1145.65,1.0,3.98027320734954,0.0070640119422026,-1.9473629149802005,1.2893504620967335,-1.5691446611622886,-2.2271571140457556
Mikko Rantanen,DAL,R,64,3.9319419082888207,0.1588785046728972,0.0047573035813211,64.0,107.0,0.7991803278688524,0.14800138980725136,976.6166666666667,0.8889089497535521,3.8189044048584866,0.00433725625784178,-1.6525285707274004,0.7118456299714386,-0.9377315618357122,-1.8784145025916739
A.J. Greer,FLA,L,78,3.3732017858127104,0.13,0.0032168535000614,51.0,100.0,0.7590163934426228,0.12390670836928387,907.15,0.8362323288858395,3.2980682703046287,0.0028499060756196266,-0.7009172442266454,0.3968368735132746,-0.3959575822118619,-0.7000379529252326
Robby Fabbri,MIN,C,21,1.7721518987341773,0.058823529411764705,0.0122829496039109,7.0,34.0,0.380327868852459,0.08726114043546669,237.0,0.32805712531821546,2.5396912580127475,0.004685456411526394,0.6847012003786606,0.7855916103880052,0.42802571992035526,1.898318530687021
Otto Stenberg,STL,C,32,2.168674698795181,0.06060606060606061,0.0127660944559988,14.0,66.0,0.5639344262295081,0.07984041231992053,387.3333333333333,0.44205499485438815,2.5847599364231284,0.006187978942930902,0.6023569427505377,1.103813747868076,0.5948823522944571,2.301053042913071
Jason Robertson,DAL,L,82,4.330469266358229,0.22058823529411764,0.0062928698548428,91.0,136.0,0.9655737704918033,0.21659915368218036,1260.8333333333333,1.0,4.330469266358229,0.0062928698548428,-2.5872005033112275,1.1260287958911077,-2.480166709754086,-3.9413384171742054
Yakov Trenin,MIN,C,82,3.6925002607697928,0.17391304347826086,-9.036736842169616e-05,59.0,138.0,0.9770491803278687,0.1723248896474972,958.7,0.8753227291602721,3.5954914204243016,4.2608716758641544e-05,-1.244334299304547,-0.1977260348005407,-1.4846505713589067,-2.9267109054639944
Noah Cates,PHI,L,82,1.9930210709971816,0.06722689075630252,0.0021845960967421,33.0,119.0,0.8680327868852458,0.0721740804820634,993.4666666666667,0.9016863162836044,2.0836072593775903,0.0020657937334396695,1.5180049405439668,0.23076821208710224,0.7672614360190537,2.5160345886501227
Ben Meyers,SEA,C,52,3.0457807163225015,0.08333333333333333,0.010373759520634,27.0,144.0,1.0,0.08333333333333333,531.8833333333333,0.5516673587664975,2.986887718104097,0.00616052459759488,-0.13236426102312612,1.0979991392526711,0.5163432886915456,1.4819781669210905
Sammy Blais,MTL,L,21,0.6853226727584237,0.1111111111111111,-0.0547314477807321,2.0,18.0,0.3,0.10663377192982457,175.1,0.3,2.245691268176242,-0.015736097834752084,1.221863854346931,-3.539528650431837,-0.007571973599927304,-2.3252367696848335
Colton Sissons,VGK,C,66,2.3584791206658093,0.04878048780487805,0.0048726353153844,27.0,123.0,0.8909836065573771,0.05487825703052113,686.8833333333333,0.669203964829292,2.5423823797193137,0.0035837083075243173,0.6797842951813012,0.5522502598976226,1.1561616639111731,2.388196218990097
David Kampf,WSH,C,40,1.861366941347552,0.04310344827586207,-8.585904598835633e-05,16.0,116.0,0.8508196721311474,0.05229466667658407,515.75,0.5394334410601765,2.346368271787342,0.00040328753103028805,1.0379185199155059,-0.12133717485179034,1.2142542363892075,2.130835581452923
Jordan Martinook,CAR,L,77,2.530844669408415,0.05714285714285714,0.0001555277422064,40.0,175.0,1.0,0.05714285714285714,948.3,0.8674364020438008,2.5816928836343935,0.0002643183465235328,0.6079607055832297,-0.15076972578749162,1.1052416541042125,1.5624326338999506
Barclay Goodrow,SJS,C,82,2.854625550660793,0.11627906976744186,0.0060586196180959,36.0,129.0,0.9254098360655738,0.1154164973647424,756.6666666666666,0.7221207142470254,2.871241374661804,0.004646319095114708,0.07893131350983122,0.7773026428527773,-0.20505340214959758,0.6511805542130109
Kyle MacLean,NYI,C,59,2.8725511776359234,0.14473684210526316,0.0117904854683463,29.0,76.0,0.6213114754098361,0.12958099654874894,605.7333333333333,0.6076678643002871,2.888977923509807,0.0075476917925245204,0.04652515030986212,1.3917899481000517,-0.5235451453193443,0.9147699530905695
Michael McCarron,MIN,C,79,2.3397894189522943,0.09550561797752809,0.0075841172105391,35.0,178.0,1.0,0.09550561797752809,897.5166666666667,0.8289273656273131,2.438093100213952,0.006453682550122261,0.8703295608144459,1.1600876259959216,0.2426469084435746,2.2730640952539423
Colin Blackwell,DAL,C,70,2.200542800557471,0.057692307692307696,-0.0002891949179358,25.0,104.0,0.781967213114754,0.0679447772173182,681.65,0.6652355245815804,2.439523749766281,0.0001344126738870965,0.8677156440219492,-0.1782826981077875,0.8623582094159647,1.5517911553301265
Ryan Winterton,SEA,C,68,2.6599794008329227,0.08633093525179857,-0.0005725128995645,33.0,139.0,0.9827868852459016,0.08664738075803378,744.3666666666667,0.7127936158304294,2.733056556646107,-0.00012771410381419305,0.331406572521618,-0.23379903263682422,0.441826235350765,0.5394337752355587
Chris Kreider,ANA,L,75,3.727623727623728,0.25,-0.0027952368627837,59.0,100.0,0.7590163934426228,0.2149886755823986,949.6666666666666,0.8684727463123114,3.620665362265882,-0.0022991907875015627,-1.2903292036512652,-0.6937002569633542,-2.443954770971573,-4.427984231586192
Noah Ostlund,BUF,C,60,2.535556868269187,0.15294117647058825,0.0073924191442837,31.0,85.0,0.6729508196721312,0.13716881629701064,733.5666666666667,0.7046039684402476,2.6474717306832827,0.005497091994239734,0.48777723185112665,0.9574894718759724,-0.6941588681970582,0.7511078355300408
Steven Lorentz,TOR,C,71,2.392733180710435,0.06569343065693431,-0.0044878023228708,27.0,137.0,0.971311475409836,0.0668128993920424,677.05,0.6617473414339103,2.56919535962215,-0.0026395907022690474,0.630794730748272,-0.7657942097735569,0.8878087203690322,0.7528092413437473
Clayton Keller,UTA,R,82,4.014960897653859,0.10743801652892562,0.0016681374836644,82.0,121.0,0.8795081967213114,0.10710990478754126,1225.4166666666667,1.0,4.014960897653859,0.0016681374836644,-2.0107402361639846,0.14654782993582297,-0.018277921043929262,-1.8824703272720908
Curtis Lazar,EDM,C,45,1.438785025978063,0.02,0.0138757925112853,9.0,100.0,0.7590163934426228,0.04041490509059535,375.31666666666666,0.4329427482983371,2.2755549166423985,0.006560982198046916,1.1673004624360097,1.182812824853023,1.4813731741512073,3.83148646144024
Kirill Marchenko,CBJ,R,76,4.285776506627564,0.30303030303030304,-0.0083125786691609,82.0,99.0,0.7532786885245901,0.25410166973880305,1147.9833333333333,1.0,4.285776506627564,-0.0083125786691609,-2.505543080658116,-1.9672872449798513,-3.3234186706572775,-7.796248996295245
Paul Cotter,NJD,L,79,1.9017819046264501,0.07058823529411765,-0.0059224427340442,26.0,85.0,0.6729508196721312,0.08174933702989393,820.2833333333333,0.7703612761117228,2.134322977596865,-0.004338248368405449,1.425343067284304,-1.1255561847634066,0.5519597787137611,0.8517466612346585
Brock Boeser,VAN,R,75,2.597277668221827,0.08074534161490683,2.9205517774609963e-05,45.0,161.0,1.0,0.08074534161490683,1039.55,0.9366313394839942,2.617374595196523,8.92149727377774e-05,0.5427672241429664,-0.18785520618557128,0.574534826775801,0.9294468447331962
Mathew Barzal,NYI,C,81,3.486910994764398,0.19008264462809918,0.0011859725322607,74.0,121.0,0.8795081967213114,0.17979653261574882,1273.3333333333333,1.0,3.486910994764398,0.0011859725322607,-1.0459487495332245,0.044429187288758304,-1.6526520349042864,-2.6541715971487525
Wyatt Johnston,DAL,C,82,2.6019916479280436,0.08333333333333333,-0.0049935370132282,54.0,144.0,1.0,0.08333333333333333,1245.2,1.0,2.6019916479280436,-0.0049935370132282,0.5708731597424388,-1.264341027495176,0.5163432886915456,-0.17712457906119172
Jean-Gabriel Pageau,NYI,C,74,2.9332246953816523,0.056962025316455694,-0.0117509767918604,44.0,158.0,1.0,0.056962025316455694,900.0333333333333,0.8308357556827413,2.9300437259971246,-0.009597994393523077,-0.028505517084689253,-2.2395279141261977,1.1093076957526313,-1.1587257354582556
Lukas Reichel,BOS,L,29,3.3716172918617833,0.1875,-0.0007783166495369,19.0,32.0,0.3688524590163934,0.13525039545585277,338.1166666666667,0.40473396284326646,3.099463668310074,0.00026608454677546506,-0.3380499694453305,-0.1503956588383176,-0.6510227721094932,-1.1394684003931412
Jimmy Snuggerud,STL,R,70,3.19459376439871,0.12142857142857143,-0.0020085289252808,52.0,140.0,0.9885245901639343,0.12123677533998932,976.65,0.888934226443028,3.1634761225187993,-0.0016770282537499684,-0.4550060952224195,-0.5619312570233811,-0.33592357651918936,-1.35286092876499
Igor Chernyshov,SJS,L,28,3.739126671571385,0.2222222222222222,0.0039132291405691,24.0,27.0,0.3401639344262295,0.14468666115425174,385.1166666666667,0.44037409500424285,3.2775998269669553,0.0022695887512240017,-0.6635196805329252,0.2739303509646455,-0.863199190933352,-1.2527885205016316
Jared Wright,LAK,R,23,1.6136261766024205,0.03278688524590164,0.0057734555497118,7.0,61.0,0.5352459016393443,0.06621573059732104,260.28333333333336,0.3457128929171105,2.464719240118731,0.00263466982222031,0.8216813687375173,0.35125157333417667,0.9012361863123486,2.0741691283840424
Bo Horvat,NYI,C,68,3.199601827328155,0.07586206896551724,0.0014904048221987,50.0,145.0,1.0,0.07586206896551724,937.6166666666667,0.8593352230667846,3.1594868829142593,0.001418073612155255,-0.4477174196871527,0.09358632151584803,0.6843362393265069,0.3302051411552023
Valeri Nichushkin,COL,R,72,2.7791597330634232,0.08029197080291971,0.0058761895356291,45.0,137.0,0.971311475409836,0.08099262896006919,971.5166666666667,0.885041616263744,2.794709111320893,0.005312894083409249,0.21876218123626878,0.9184778419811127,0.5689745188114005,1.706214542028782
Martin Pospisil,CGY,C,22,1.394484040904865,0.0,0.0115052784309656,5.0,26.0,0.3344262295081967,0.0696954989933851,215.13333333333333,0.31147561702204485,2.4409974680103654,0.004255747757812873,0.865023037115282,0.6945827879442062,0.8229928620767258,2.382598687136214
Alexander Wennberg,SJS,C,80,2.5021812750476924,0.08450704225352113,0.0001293863838844,47.0,213.0,1.0,0.08450704225352113,1127.0166666666667,1.0,2.5021812750476924,0.0001293863838844,0.7532350871009647,-0.17934722573703887,0.4899521967716436,1.0638400581355694
Andrei Kuzmenko,LAK,L,52,3.857248825517184,0.140625,0.0044364614276921,39.0,64.0,0.5524590163934426,0.12455376402070752,606.65,0.6083629732608734,3.4880024084811545,0.003081292971927648,-1.0479428539853926,0.44584274942462554,-0.41050676462012126,-1.0126068691808883
Nino Niederreiter,WPG,R,61,2.7905068052800766,0.11475409836065574,0.0079570083949525,34.0,122.0,0.8852459016393441,0.11360206061377577,731.05,0.7026955783848194,2.82734694403468,0.005881581705936497,0.15913012189483883,1.0389212875978096,-0.16425541019947534,1.0337959992931731
Frank Vatrano,ANA,R,50,1.8989219661754526,0.08333333333333333,0.0106039178324631,16.0,96.0,0.7360655737704918,0.08897666810468795,505.55,0.5316987740805603,2.3744812523223757,0.006095243426851836,0.986553745231143,1.0841731145130393,0.38945171947541596,2.460178579219598
Zachary Bolduc,MTL,R,78,3.8401735671668775,0.16535433070866143,0.0077616615782977,59.0,127.0,0.9139344262295082,0.16013536436855014,921.8333333333334,0.8473667105999603,3.6988728567225744,0.006725973494221989,-1.43322085921196,1.2177566488803144,-1.210566531812553,-1.4260307421441984
Aliaksei Protas,WSH,L,76,4.017680142145993,0.14705882352941177,-0.0035383563011919,76.0,170.0,1.0,0.14705882352941177,1134.9833333333333,1.0,4.017680142145993,-0.0035383563011919,-2.0157085240506456,-0.9561455050153237,-0.9165377608419493,-3.8883917899079186
Sonny Milano,WSH,L,31,3.708791208791209,0.3157894736842105,0.0132276009633431,15.0,19.0,0.3,0.1680372807017544,242.66666666666666,0.3323541625291133,3.1784330226290107,0.005048000768243236,-0.482333606909775,0.8623755771601554,-1.3882427824621608,-1.0082008122117805
Ondrej Palat,NYI,L,80,2.472661545413466,0.0945945945945946,-0.0122977301623812,38.0,148.0,1.0,0.0945945945945946,922.0833333333334,0.8475562857710293,2.5400049465825876,-0.010274203708346374,0.6841280650367563,-2.3827435858045827,0.2631314608114059,-1.4354840599564205
Matt Rempe,NYR,C,26,1.4006692086218973,0.10714285714285714,0.0145111556499466,5.0,28.0,0.34590163934426227,0.10555474238875878,214.18333333333334,0.3107552313719826,2.444014481769222,0.005182254827860561,0.859510699789463,0.8908095027245637,0.016690232567850946,1.7670104350818776
Liam O'Brien,UTA,C,38,1.920651857600155,0.08695652173913043,-0.0125927697196494,11.0,46.0,0.4491803278688524,0.09673819259481561,343.6333333333333,0.40891725495152287,2.508051452938265,-0.0045723888061427,0.742509779468405,-1.175145238511319,0.2149322089440016,-0.2177032500989124
Matias Maccelli,TOR,L,71,4.207113641075905,0.2087912087912088,0.0018100763134911,62.0,91.0,0.7073770491803278,0.17833609579592108,884.2166666666667,0.818841966526441,3.9729319238645564,0.001659012014450906,-1.933949773971181,0.14461512925551295,-1.6198138058575853,-3.4091484505732534
Oskar Sundqvist,STL,C,52,2.376910016977929,0.05511811023622047,-0.009596071135708,21.0,127.0,0.9139344262295082,0.059386687461360256,530.1,0.5503150558795384,2.618620463243108,-0.004841882229587553,0.5404909186683645,-1.2322217691143433,1.0547886574797993,0.3630578070338205
Matt Duchene,DAL,C,57,4.100227790432801,0.17105263157894737,0.0041715074048184,52.0,76.0,0.6213114754098361,0.1459312985332183,760.9333333333333,0.7253561304999367,3.7745531333561817,0.003293934441488614,-1.5714950757252613,0.4908784953427523,-0.8911851241662665,-1.9718017045487755
Evander Kane,VAN,L,71,4.08411568372766,0.10948905109489052,-0.0016563272871993,69.0,137.0,0.971311475409836,0.1093520880961228,1013.6833333333333,0.9170166284507193,3.9870504474898527,-0.0014378717121919995,-1.9597455014638772,-0.5112798329972947,-0.06869388430386376,-2.5397192187650353
Braeden Bowman,VGK,R,54,1.850673194614443,0.09090909090909091,0.0090837424110702,21.0,77.0,0.6270491803278688,0.09605798330588021,680.8333333333334,0.6646162456894217,2.207436815277368,0.006364602721839357,1.2917579501143859,1.1412212377920488,0.2302268578644453,2.66320604577088
Vladislav Namestnikov,WPG,C,60,3.360271179779421,0.13953488372093023,-0.0019544466279042,38.0,86.0,0.6786885245901639,0.12834682732374209,678.5166666666667,0.6628595157708487,3.209956921741637,-0.0009664086906269154,-0.539930416080357,-0.41142777265913083,-0.4957945907298311,-1.4471527794693189
Fabian Zetterlund,OTT,L,82,2.104181795639313,0.11904761904761904,0.002960422577989,33.0,84.0,0.6672131147540983,0.11427788220551378,940.9833333333333,0.8618881687038473,2.2160853698414957,0.002686377273379555,1.2759563151373239,0.36220279389002424,-0.1794514008256338,1.4587077082017144
Evan Rodrigues,FLA,C,69,2.873521515129526,0.19491525423728814,0.0022197024952397,44.0,118.0,0.862295081967213,0.18249422354162706,918.7333333333333,0.8450159784787044,2.8798602300411646,0.002026978702717689,0.06318394143570094,0.22254750205811044,-1.7133101827395663,-1.4275787392457548
Matthew Knies,TOR,L,79,3.0202247191011233,0.13970588235294118,0.000705367094876,56.0,136.0,0.9655737704918033,0.1385012751865198,1112.5,0.9919493744019354,3.019372930284559,0.0007075474289355378,-0.19171746984222596,-0.056897385739030415,-0.724119486564771,-0.9727343421460274
Justin Sourdif,WSH,C,78,2.915546340989342,0.11413043478260869,0.0088789189494928,50.0,184.0,1.0,0.11413043478260869,1028.9666666666667,0.9286059905754056,2.9154659745537117,0.008314711801308437,-0.0018707418298054281,1.5542385913540335,-0.17613601451109648,1.3762318350131317
Stefan Noesen,NJD,R,38,3.0350090961529927,0.09433962264150944,-0.0043166940645519,19.0,53.0,0.489344262295082,0.09963782382611339,375.6166666666667,0.43317023850361996,2.966655985170572,-0.0013165270188963073,-0.09539918710256898,-0.4855800069611933,0.1497333908701356,-0.4312458031936267
Ryan Leonard,WSH,R,75,4.34757996037362,0.17054263565891473,-0.0064496772715757,64.0,129.0,0.9254098360655738,0.16563253498070377,883.25,0.8181089425316408,4.086901100838038,-0.005098977511612185,-2.14218102461748,-1.286672473494426,-1.3341715691684224,-4.763025067280328
Mikael Backlund,CGY,C,82,4.122055674518201,0.09225092250922509,-0.0031326019142359,77.0,271.0,1.0,0.09225092250922509,1120.8,0.9982432700814268,4.119934185968394,-0.003125383867768657,-2.2025352432936427,-0.8686812788639552,0.3158294205621066,-2.755387101595491
Nick Lardis,CHI,L,41,2.2696929238985315,0.10416666666666667,0.0023932656324839,17.0,48.0,0.460655737704918,0.10446235979292492,449.4,0.4891201906584577,2.5990713099690694,0.001669312857548426,0.5762088622688206,0.14679676463190594,0.041252684980447124,0.7642583118811737
Jansen Harkins,ANA,C,44,3.999506233798296,0.125,0.0006698439269923,27.0,72.0,0.5983606557377048,0.11685271067011792,405.05,0.455489555310813,3.408665808866308,0.0008366552855725506,-0.9029882285460238,-0.029553384404091436,-0.23734696037925385,-1.1698885733293691
Brock Nelson,COL,C,81,2.799084914547167,0.06857142857142857,0.0008051259942608,52.0,175.0,1.0,0.06857142857142857,1114.65,0.993579720873129,2.799825402266166,0.0008062243050227183,0.20941428831911274,-0.035998420317882356,0.8482678219241394,1.0216836899253698
Teuvo Teravainen,CHI,C,74,3.8891126817299595,0.15384615384615385,-0.0073473451795266,60.0,130.0,0.9311475409836065,0.15046334704984402,910.2333333333333,0.8385704226623576,3.7317685616305933,-0.006003679606515528,-1.4933240726929367,-1.4782810706405358,-0.9930891882238077,-3.96469433155728
Matthew Wood,NSH,R,71,2.8042999265540494,0.24489795918367346,-0.0089243833334199,35.0,49.0,0.4663934426229508,0.17009536612315332,748.85,0.716193330564934,2.835552926912226,-0.006114533171346899,0.1441371025298655,-1.5017589603963384,-1.4345192660101078,-2.792141123876581
Jack Finley,STL,C,44,1.721963734400139,0.06140350877192982,0.0187042345893608,11.0,114.0,0.839344262295082,0.06836173425366696,383.28333333333336,0.43898387708307,2.3909512990309,0.008758518551593023,0.95646158772511,1.6482332767925465,0.8529828427610285,3.457677707278685
Will Cuylle,NYR,L,82,2.543466240707747,0.09580838323353294,0.0001675450602075,46.0,167.0,1.0,0.09580838323353294,1085.1333333333334,0.9711972123422463,2.5541507622562634,0.00019083643269088985,0.6582824726813169,-0.16633260168266495,0.23583916798600166,0.7277890389846536
J.T. Miller,NYR,C,68,4.061191351166567,0.09090909090909091,-0.007661865271683,66.0,176.0,1.0,0.09090909090909091,975.0833333333334,0.8877462220376622,3.9324620093240097,-0.006692210372005591,-1.860007843862414,-1.6241063260596507,0.3460007862994516,-3.1381133836226134
Tyson Foerster,PHI,R,29,2.29973169796857,0.07272727272727272,0.0099329747356771,15.0,55.0,0.5008196721311475,0.0886948731273041,391.35,0.4451008359362305,2.64082209260632,0.004962865147224483,0.4999266786566729,0.8443445402006258,0.3957879388078155,1.7400591576651143
Jeffrey Viel,ANA,L,45,3.2292167227294573,0.1095890410958904,0.0055331129305928,28.0,73.0,0.6040983606557377,0.10765936550758211,520.25,0.5428457941394189,3.0853063815043824,0.0034498987325130718,-0.31218341836903857,0.5239104725830357,-0.030632660894294665,0.18109439331970245
Cole Koepke,WPG,L,66,2.671415850400712,0.09375,0.00563295654241,25.0,96.0,0.7360655737704918,0.09664401783146391,561.5,0.5741256973658078,2.7749053568712867,0.0036497614676784746,0.2549453025506683,0.5662397857597878,0.21704974830440127,1.0382348366148575
Taylor Raddysh,NYR,R,68,1.832866631181875,0.06862745098039216,-0.0154541737279643,22.0,102.0,0.7704918032786885,0.07690981914767633,720.1833333333333,0.6944553776156859,2.163329650403523,-0.010433962919575816,1.3723454418208518,-2.41657929649575,0.6607773561222876,-0.38345649855261077
Chandler Stephenson,SEA,C,80,2.8834601521826193,0.04838709677419355,0.0106719531040793,54.0,310.0,1.0,0.04838709677419355,1123.65,1.0,2.8834601521826193,0.0106719531040793,0.05660658157708909,2.053483261730362,1.3021167674679779,3.412206610775429
Ryan Donato,CHI,C,81,2.6972310340979737,0.1038961038961039,0.004752926764715,48.0,154.0,1.0,0.1038961038961039,1045.5166666666667,0.9411558669001749,2.71001136971802,0.004530688258025013,0.37351206299585277,0.7528129654148645,0.053985067913005044,1.1803100963237223
Brandon Hagel,TBL,L,71,3.330249768732655,0.1349206349206349,-0.0071277997509641,56.0,126.0,0.9081967213114754,0.13214765054713284,1008.9333333333333,0.9134147002004078,3.2942450812255477,-0.006426112935943413,-0.693931956936385,-1.567749038157606,-0.5812569002807835,-2.8429378953747744
Gabriel Landeskog,COL,L,60,2.9146166780843243,0.10714285714285714,-0.0037658471659779,39.0,112.0,0.8278688524590163,0.1067249322075681,802.85,0.757141567515843,2.914569074948373,-0.002614202238959461,-0.00023203098286037557,-0.760417138286876,-0.009621731617433328,-0.7702709008871697
Colton Dach,EDM,C,61,2.6001496117832175,0.10975609756097561,-0.0047412868595232,28.0,82.0,0.6557377049180327,0.1080206075464551,646.1166666666667,0.6382905736003033,2.713824414614843,-0.0026732197759395263,0.366545309977879,-0.7729165759818635,-0.038755264113246396,-0.4451265301172309
Jack Eichel,VGK,C,74,5.119089939566299,0.1810344827586207,-0.0058956038962748,96.0,116.0,0.8508196721311474,0.16964910421191476,1125.2,1.0,5.119089939566299,-0.0058956038962748,-4.0280766544643845,-1.4553915080525242,-1.4244849730799976,-6.907953135596906
Liam Ohgren,VAN,L,69,2.86726932420055,0.11363636363636363,-0.002051904918765,40.0,88.0,0.6901639344262294,0.11087217624911758,837.0333333333333,0.7830628125733474,2.8774982037200036,-0.0013949974393062592,0.06749956174617555,-0.5021994082612673,-0.10287338612244087,-0.5375732326375326
William Eklund,SJS,L,78,3.0739786529260216,0.07784431137724551,0.0005408217482688,58.0,167.0,1.0,0.07784431137724551,1132.0833333333333,1.0,3.0739786529260216,0.0005408217482688,-0.2914867076311629,-0.09220853839442136,0.6397651018019845,0.2560698557764003
Adam Henrique,EDM,C,65,2.817435848788123,0.07947019867549669,0.0011546654982489,33.0,151.0,1.0,0.07947019867549669,702.7666666666667,0.6812483073645439,2.848349923502068,0.0010977777246041114,0.12075591583375322,0.025750239305935983,0.6032066839510898,0.749712839090779
Cole Smith,VGK,R,63,1.7194851097365844,0.0425531914893617,0.0065105801531799,20.0,141.0,0.9942622950819671,0.04290985710045957,697.8833333333333,0.677545272356329,2.1047977291517483,0.004725991495690824,1.4792881739581887,0.7941766138446135,1.4252736534816914,3.698738441284494
Barrett Hayton,UTA,C,67,2.7196278404007876,0.09395973154362416,0.0064496936432622,38.0,149.0,1.0,0.09395973154362416,838.35,0.7840612418076442,2.761691161311338,0.005267753143104363,0.27908874677658513,0.9089173553917679,0.27740649003417894,1.465412592202532
Corey Perry,TBL,R,72,2.8475532847339506,0.24074074074074073,-0.0072268213367645,37.0,54.0,0.4950819672131147,0.17205884702649155,779.6166666666667,0.7395237149511618,2.8649706518524134,-0.005090130115367285,0.09038845032287975,-1.2847986664230913,-1.4786685470726393,-2.6730787631728505
Jake DeBrusk,VAN,L,81,2.4731489083627953,0.0972972972972973,-0.008821680396035,41.0,185.0,1.0,0.0972972972972973,994.6833333333333,0.9026089154494734,2.5161248434412906,-0.007867454684998313,0.7277590174988585,-1.8730135800442211,0.20236062212017245,-0.9428939404251903
Conor Sheary,NYR,L,62,3.151152860802733,0.09259259259259259,0.0105925608597157,41.0,108.0,0.8049180327868852,0.0949574385645352,780.6666666666666,0.7403199306696516,3.0896782280988027,0.008095382306361207,-0.3201711489832705,1.507786375672922,0.2549728378354875,1.4425880645251392
Calum Ritchie,NYI,C,65,4.0464916056823075,0.3114754098360656,0.006648693559126,47.0,61.0,0.5352459016393443,0.2153826212181219,696.9,0.6767996100167908,3.6806058365569916,0.004815339812391442,-1.3998454803975149,0.8130998657269924,-2.4528127214437863,-3.039558336114309
Yegor Sharangovich,CGY,C,78,2.9991502407651165,0.11450381679389313,-0.0073743679479475,50.0,131.0,0.9368852459016392,0.11388599249265072,1000.2833333333333,0.9068553992814197,2.9912581383743535,-0.006596558096456409,-0.14034938562341362,-1.6038479466051738,-0.1706396782113264,-1.914837010439914
Rutger McGroarty,PIT,R,24,3.0899393047636563,0.28,0.0020538959592891,14.0,25.0,0.3286885245901639,0.16232910914581536,271.85,0.35448390416523734,2.976639198459849,0.0013582226430804097,-0.11363935557530089,0.08091036963414984,-1.2598933445084535,-1.2926223304496045
Ryan Nugent-Hopkins,EDM,C,72,2.0503615747053034,0.07964601769911504,-0.000634124744876,33.0,113.0,0.833606557377049,0.0838173173712971,965.6833333333333,0.8806181956054668,2.1535145081529277,-0.0004418818681713666,1.3902785304013578,-0.30033722784619754,0.505460805808461,1.5954021083636212
Joel Farabee,CGY,L,82,3.37410116157581,0.1111111111111111,0.0071934575911419,61.0,144.0,1.0,0.1111111111111111,1084.7333333333333,0.9708938920685357,3.360721651463775,0.007012497275103728,-0.8153902294884765,1.2784400716479105,-0.10824588674613159,0.35480395541330245
Carl Grundstrom,PHI,R,47,2.3322859641734963,0.04477611940298507,-0.0050416544936054,20.0,67.0,0.569672131147541,0.07056945240364185,514.5166666666667,0.5384982035495693,2.60094217494061,-0.002264406141889235,0.5727906349624599,-0.6863331499503935,0.8033418358409306,0.6897993208529969
Jonathan Huberdeau,CGY,L,50,4.135141209079332,0.15384615384615385,0.0033600759371261,46.0,91.0,0.7073770491803278,0.13946922496183714,667.45,0.65446765486486,3.713342777147897,0.002536367966135134,-1.4596586181475926,0.33043203412071687,-0.7458840408378704,-1.8751106248647462
Shane Pinto,OTT,C,72,2.565668906536347,0.07792207792207792,0.007091418160919,42.0,231.0,1.0,0.07792207792207792,982.2,0.8931427952407602,2.6029355447302014,0.006437962507382952,0.5691485810728912,1.156758247901934,0.6380165046858981,2.3639233336607237
Blake Coleman,CGY,L,69,3.542403148802799,0.07079646017699115,0.0027737684314405,54.0,226.0,1.0,0.07079646017699115,914.6333333333333,0.8419069456731723,3.4431234800663466,0.002489584557167061,-0.9659452855230386,0.3205236859334134,0.7982375183138599,0.15281591872423472
Nick Cousins,OTT,C,81,3.078658636438072,0.23529411764705882,0.0134386032334002,47.0,85.0,0.6729508196721312,0.19258829556412732,915.9833333333333,0.842930651596945,3.0528618854716933,0.01148114089252769,-0.252904601368827,2.2248627001618875,-1.9402775151078768,0.03168058368518367
Leo Carlsson,ANA,C,70,3.6174742399727497,0.19047619047619047,-0.0011813560476006,59.0,84.0,0.6672131147540983,0.16193596183080652,978.5833333333334,0.8904002744326285,3.5404197612294612,-0.0009448890449693464,-1.1437137563311017,-0.4068700855058047,-1.2510533444454048,-2.8016371862823113
Max Sasson,VAN,C,66,3.071034975676112,0.2653061224489796,0.0002412653746912,37.0,49.0,0.4663934426229508,0.1796135996460707,722.8833333333333,0.6965027894632314,3.023502969623748,0.0004643144656823982,-0.19926339830863832,-0.10841216295815984,-1.6485387486073881,-1.9562143098741864
Artturi Lehkonen,COL,L,70,2.604192355117139,0.0891089108910891,0.0038368443862164,44.0,101.0,0.7647540983606557,0.0927801587589734,1013.75,0.9170671818296712,2.629920463232495,0.0035996026707571698,0.5198448703895326,0.5556165576642956,0.3039294321797938,1.379390860233622
Nathan Walker,STL,L,46,3.0317321296233914,0.14942528735632185,0.00484111050213,25.0,87.0,0.6844262295081966,0.13531586571360565,494.76666666666665,0.5235217650351165,2.9758357705961984,0.002999562385024248,-0.11217142544458686,0.42853287119099337,-0.6524948846244937,-0.33613343887808717
Stephen Halliday,OTT,C,30,3.363914373088685,0.2222222222222222,0.0039637103186994,11.0,18.0,0.3,0.1399671052631579,196.2,0.3,3.0492687782753203,0.001872449595077365,-0.2463396929867907,0.18981948506775947,-0.7570789841251397,-0.813599192044171
Morgan Frost,CGY,C,82,2.5616839596882293,0.09090909090909091,0.0009257093451927,43.0,121.0,0.8795081967213114,0.09257257922189976,1007.15,0.912062397313449,2.592702780039519,0.000930148932579625,0.5878447008983939,-0.009752185041318822,0.3085969017281418,0.8866894175852169
Isac Lundestrm,CBJ,C,68,3.069548785546389,0.19827586206896552,0.0076535910541593,37.0,116.0,0.8508196721311474,0.18431840890383108,723.2333333333333,0.696768194702728,3.022509005868388,0.005628792193741041,-0.19744734311396137,0.9853825104932913,-1.7543273742636478,-0.9663922068843179
Tyler Pitlick,MIN,C,32,1.9447633196029444,0.14634146341463414,-0.0135799429371651,8.0,41.0,0.4204918032786885,0.12221853583128153,246.81666666666666,0.3355011103688591,2.5890995497476395,-0.003907405441106617,0.5944281050254523,-1.0343071323348583,-0.35799866764559507,-0.797877694955001
Brandon Saad,VGK,L,49,2.890285429528529,0.1095890410958904,0.0110420867274156,29.0,73.0,0.6040983606557377,0.10765936550758211,602.0166666666667,0.6048495134237275,2.8998224800478143,0.007064544713202678,0.026711235437605053,1.2894632986917853,-0.030632660894294665,1.2855418732350958
Denver Barkey,PHI,C,43,3.114808652246256,0.1282051282051282,-0.0088528512280232,26.0,78.0,0.6327868852459015,0.11957921284927323,500.8333333333333,0.5281221225197248,3.020249994724077,-0.004214741756647041,-0.19331994017664594,-1.0993984818569864,-0.298652935303929,-1.5913713573375614
Connor Dewar,PIT,C,78,1.8873419933593523,0.025735294117647058,-0.0060345808268267,27.0,272.0,1.0,0.025735294117647058,858.35,0.7992272554931661,2.0935513973325053,-0.0046270081231052545,1.499836165986324,-1.1867131687274992,1.811447314231435,2.1245703114902597
Tomas Nosek,FLA,L,21,3.1690140845070425,0.29411764705882354,0.0036009589534353,13.0,34.0,0.380327868852459,0.17675005075369235,246.13333333333333,0.3349829382346038,2.9997051175279643,0.0018554461407881864,-0.15578272540921262,0.18621829077259694,-1.5841512495128096,-1.5537156841494253
Gavin Brindley,COL,C,56,1.7770255976306324,0.01818181818181818,0.0097870639288379,14.0,55.0,0.5008196721311475,0.06137743646560515,472.7,0.5067885966020906,2.3380018156237323,0.005441442898915564,1.0532047374410676,0.9457034429194974,1.0100262474334702,3.008934427794035
Ethen Frank,WSH,R,62,2.273703357501958,0.03496503496503497,0.0033578317958878,25.0,143.0,1.0,0.03496503496503497,659.7166666666667,0.6486034629064581,2.498849201038719,0.002520932872930979,0.7593230659436655,0.3271630060369656,1.60391465011799,2.6904007220986212
Sam Steel,DAL,C,73,2.4336129792692227,0.11016949152542373,-0.0020072679470723,39.0,118.0,0.862295081967213,0.10941836913762595,961.5333333333333,0.8774712477657212,2.492525745215026,-0.0016417079549235283,0.7708765503992092,-0.5544507029857134,-0.07018422746200945,0.14624161995148635
Michael Amadio,OTT,R,81,2.900677688090819,0.06956521739130435,-0.0086892363465612,56.0,230.0,1.0,0.06956521739130435,1158.35,1.0,2.900677688090819,-0.0086892363465612,0.02514869857380837,-2.0470602990907674,0.8259222712997853,-1.1959893292171737
Beck Malenstyn,BUF,L,81,2.54338322956683,0.08433734939759036,0.0022482378201213,32.0,166.0,1.0,0.08433734939759036,754.9,0.7207810497048043,2.64698391314724,0.0018930593589441022,0.48866851542721995,0.19418446660617406,0.4937677763263283,1.1766207583597224
Martin Necas,COL,C,78,4.301848972721549,0.2905982905982906,-0.007519360158733,93.0,117.0,0.8565573770491803,0.2639346912494562,1297.1166666666666,1.0,4.301848972721549,-0.007519360158733,-2.5349088250163425,-1.7992899706619943,-3.5445162273636694,-7.878715023042005
Jack Roslovic,EDM,C,69,3.6004882017900735,0.13559322033898305,0.0003537981852065,59.0,118.0,0.862295081967213,0.13134112545882629,983.2,0.8939010959250364,3.527697188143877,0.0004198338050751343,-1.1204685476229033,-0.11783280764009864,-0.5631220140452765,-1.8014233693082784
Ville Koivunen,PIT,R,39,2.3922915051500717,0.18181818181818182,-0.0041507976917249,18.0,33.0,0.37459016393442623,0.13359703865662667,451.45,0.4906747070612237,2.6582250930600453,-0.0015394906375045684,0.46812993636449557,-0.5328019006838042,-0.6138466967519086,-0.6785186610712173
Jeff Malott,LAK,L,58,2.136780320517048,0.044444444444444446,0.0023985028286988,18.0,45.0,0.44344262295081965,0.0779884179369188,505.43333333333334,0.5316103056673949,2.501019044338019,0.001732308499211417,0.7553585801421678,0.16013873277077087,0.6365248354998506,1.5520221484127892
Gustav Nyquist,WPG,R,51,2.6010706427140464,0.038461538461538464,-0.0003039065049265,22.0,52.0,0.48360655737704916,0.07267434625340148,507.48333333333335,0.5331648220701608,2.747353456688243,0.0002936899085390194,0.3052849363459714,-0.14454906616319993,0.756012854936743,0.9167487251195144
Dakota Joshua,TOR,C,55,1.6460019902638445,0.034782608695652174,0.0078079396010944,17.0,115.0,0.8450819672131147,0.0456163835953033,619.6833333333333,0.6182461588459385,2.1302256919987737,0.0051998948575527094,1.4328291519170298,0.8945455185489655,1.364416836019963,3.6917915064859583
J.T. Compher,DET,L,82,2.2761040685360223,0.0670391061452514,0.0005575283224431,40.0,179.0,1.0,0.0670391061452514,1054.4333333333334,0.9479173813349702,2.309349268480363,0.0005793335793184344,1.1055553455993954,-0.08405204360733146,0.8827224139482834,1.9042257159403473
Mason McTavish,ANA,C,75,2.9129287598944593,0.0970873786407767,-0.0023643558055788,46.0,103.0,0.7762295081967212,0.09879419559462879,947.5,0.8668297614963798,2.9131274374146514,-0.0019194938581677064,0.0024019617737544106,-0.6132835138385153,0.1687025490833763,-0.4421790029813846
Trevor Moore,LAK,L,69,3.147128245476003,0.07647058823529412,0.0099401916149065,50.0,170.0,1.0,0.07647058823529412,953.25,0.8711899904309675,3.117153179964278,0.008785539125065639,-0.37037019174485897,1.6539560160305102,0.6706535555643831,1.9542393798500344
Alexey Toropchenko,STL,R,65,2.6373626373626373,0.033783783783783786,0.0061546699848843,29.0,148.0,1.0,0.033783783783783786,659.75,0.648628739595934,2.7347128661646622,0.004335102702207307,0.3283803560333968,0.7113895242806015,1.6304753313641587,2.670245211678157
Luke Glendening,PHI,C,70,1.0829436377061286,0.013071895424836602,0.012944484415032,11.0,153.0,1.0,0.013071895424836602,609.45,0.6104862151768465,1.7963291868962885,0.008282670706827717,2.0428860873996535,1.5474525463132816,2.0961864971515523,5.686525130864487
Alexis Lafrenire,NYR,L,82,2.219171173190619,0.14925373134328357,-5.760818296901804e-06,44.0,134.0,0.9540983606557376,0.14720932653385357,1189.6333333333334,1.0,2.219171173190619,-5.760818296901804e-06,1.2703182934572517,-0.20797031168330005,-0.9199218525499765,0.14242612922397513
Ozzy Wiesblatt,NSH,C,40,2.38389546176938,0.030303030303030304,-0.0071175061436404,15.0,66.0,0.5639344262295081,0.06275149031296573,377.53333333333336,0.4346236481484825,2.683841866422684,-0.0025415189185025886,0.42132594166629544,-0.7450233980190916,0.9791303576903935,0.6554329013375974
Noah Laba,NYR,C,74,2.5160163075131043,0.07079646017699115,0.0012524333919865,36.0,113.0,0.833606557377049,0.07644026819096923,858.5,0.7993410005958076,2.595959727487984,0.0011970036725008344,0.5818939845863771,0.046765493701931796,0.6713353081378114,1.2999947864261203
Dominic James,TBL,C,43,4.8777098387993325,0.3,0.0027325983804369,39.0,50.0,0.4721311475409836,0.19691508484325568,479.73333333333335,0.5121219780814992,3.919864200823634,0.0018756877731272727,-1.8369905905216606,0.19050530502655866,-2.037566282041038,-3.68405156753614
Arshdeep Bains,VAN,L,28,2.7201538672894627,0.2,0.0090360803758368,11.0,10.0,0.3,0.1333004385964912,242.63333333333333,0.33232888583963743,2.849860197370741,0.0036547277264391666,0.11799651873320718,0.5672915992568069,-0.6071775820200969,0.07811053596991724
Linus Karlsson,VAN,C,79,3.2357021434572775,0.102803738317757,0.0111072571007751,46.0,107.0,0.7991803278688524,0.10318753964638117,852.9833333333333,0.7951577084875512,3.1698901094379424,0.009031987124441592,-0.4667249875867378,1.706151711935179,0.06991728409024692,1.309344008438688
Brandon Tanev,UTA,L,56,4.126817764967902,0.20987654320987653,0.0059061013670691,35.0,81.0,0.6499999999999999,0.17306997238466537,508.8666666666667,0.5342138046834094,3.5620999331257277,0.0036098190367306483,-1.1833252497898705,0.5577803014680708,-1.5014039134067723,-2.126948861728572
Kaapo Kakko,SEA,R,65,3.0020135456708767,0.11904761904761904,0.0046983363245606,41.0,84.0,0.6672131147540983,0.11427788220551378,819.45,0.7697293588748262,2.981843477159985,0.0038412364552203714,-0.12314800950454123,0.6067926417310029,-0.1794514008256338,0.3041932314008279
Miles Wood,CBJ,L,54,3.4751994548706735,0.14130434782608695,-0.0075270105848895,34.0,92.0,0.7131147540983607,0.13080737861224692,587.0166666666667,0.5934750031595861,3.2472288595832186,-0.0040702449616681294,-0.6080293743852817,-1.068795227665366,-0.5511206039445677,-2.2279452059952156
Marcus Johansson,MIN,L,75,2.6977773993017116,0.07352941176470588,-0.0033132494685567,44.0,136.0,0.9655737704918033,0.07460301096279755,978.5833333333334,0.8904002744326285,2.7215214419011473,-0.0028431275320497727,0.3524821951897575,-0.8089016665171141,0.7126464233173954,0.2562269519900387
Adam Klapka,CGY,R,79,2.576408183884819,0.10638297872340426,-0.0165568473467026,34.0,94.0,0.7245901639344262,0.10592357681787307,791.8,0.7487623449545922,2.6613296473208905,-0.012151886901896308,0.46245765519512716,-2.780421721654781,0.008396912857524327,-2.309567153602129
Gabe Perreault,NYR,R,49,2.981331188036817,0.09411764705882353,0.0015985177636374,35.0,85.0,0.6729508196721312,0.09758347396335584,704.3833333333333,0.6824742268041236,2.9600853728595955,0.0014009142466945138,-0.08339412700333727,0.08995210649371822,0.1959258795963842,0.20248385908676514
Kailer Yamamoto,UTA,R,59,2.1782427833102234,0.06521739130434782,-0.0111899982262444,24.0,92.0,0.7131147540983607,0.07654864732215429,661.0833333333334,0.6496398071749688,2.436170208317371,-0.006927448421817325,0.8738428456789656,-1.6739278451804047,0.6688983805792765,-0.13118661892216255
Tim Washe,ANA,C,39,1.6985502273312172,0.02857142857142857,-0.013960428304941,11.0,105.0,0.7877049180327869,0.044736315686757885,388.56666666666666,0.44299023236499535,2.375801937966724,-0.005640583229027907,0.9841407417267198,-1.4013801903273644,1.3842053480357546,0.96696589943511
Jeff Skinner,SJS,L,32,4.306005482182905,0.1864406779661017,0.0085938552839967,24.0,59.0,0.5237704918032786,0.1475204567667432,334.4166666666667,0.4019282503114449,3.4737379164554287,0.0040379478689588555,-1.0218804299754152,0.6484545304802335,-0.9269176812720897,-1.3003435807672714
Jesper Bratt,NJD,L,82,3.9763598806518248,0.14285714285714285,0.0061975217306696,77.0,126.0,0.9081967213114754,0.13935556103373187,1161.8666666666666,1.0,3.9763598806518248,0.0061975217306696,-1.9402129386963283,1.1058348332416768,-0.7433282835091083,-1.57770638896376
Eetu Luostarinen,FLA,C,73,2.501389660922735,0.075,0.0066242531150524,40.0,160.0,1.0,0.075,959.4666666666667,0.8759040930182171,2.5526451181357594,0.0059233522204847604,0.6610334108434283,1.0477679452321318,0.7037200413228486,2.4125213973984083
Kirby Dach,MTL,C,37,2.1595680863827234,0.09259259259259259,-0.0043181575862765,16.0,54.0,0.4950819672131147,0.0987133704023264,444.53333333333336,0.48542979399498076,2.547992733889126,-0.0015938414856844028,0.6695337072910283,-0.5443129713800116,0.17051992053110696,0.2957406564421238
Peyton Krebs,BUF,C,82,3.1862364522840907,0.13372093023255813,0.0079352977469688,57.0,172.0,1.0,0.13372093023255813,1073.3666666666666,0.9622745409572642,3.175982076979476,0.007672762401285142,-0.47785552352423405,1.4182788929403893,-0.6166324248930779,0.32379094452307733
Jacob Melanson,SEA,R,36,2.6732673267326734,0.20930232558139536,0.0008808401009411,15.0,43.0,0.43196721311475406,0.1498932457310833,336.6666666666667,0.4036344268510661,2.81708287624831,0.0009377064795172941,0.17788343510312454,-0.008151557636175722,-0.9802703401701832,-0.8105384627032344
Joel Kiviranta,COL,L,51,2.067628688348051,0.1038961038961039,0.0090152426486737,16.0,77.0,0.6270491803278688,0.10420147915429409,464.3,0.5004188708541715,2.4906699808011767,0.004999086146712168,0.774267187719426,0.8520158553641071,0.04711864100737026,1.6734016840909034
David Tomasek,EDM,R,22,3.368492684586594,0.2,-0.01704098939163,11.0,20.0,0.3,0.1333004385964912,195.93333333333334,0.3,3.0506422717246933,-0.004428960318021455,-0.24884918078263557,-1.1447682430842936,-0.6071775820200969,-2.000795005887026
Arseny Gritsyuk,NJD,R,66,2.8061839980698204,0.06201550387596899,-0.0123394587449738,42.0,129.0,0.9254098360655738,0.06520045974878103,898.0166666666667,0.8293065159694513,2.8246592920549443,-0.010066563415229638,0.16404068761009905,-2.3387670486668464,0.9240647648692273,-1.25066159618752
Pavol Regenda,SJS,L,24,2.6104296332104657,0.022727272727272728,0.0037455462655777,12.0,44.0,0.4377049180327869,0.06882851923026642,275.81666666666666,0.3574918302128658,2.805746355456271,0.0019662154519449644,0.1985962099532342,0.2096783362805702,0.8424870843899541,1.2507616306237586
Egor Chinakhov,PIT,R,72,2.385825390328051,0.1506849315068493,-0.0052103507191335,34.0,73.0,0.6040983606557377,0.13248532553453024,855.05,0.796724863235055,2.4932756673267558,-0.003952779792128674,0.7695063797674675,-1.0439170534290285,-0.5888495933907842,-0.8632602670523453
Adam Edstrom,NYR,C,35,3.1194250471481726,0.17647058823529413,0.0077958540247155,17.0,51.0,0.47786885245901634,0.13900471480654383,326.98333333333335,0.39629154855832593,2.9956621697947083,0.0036787682350850576,-0.14839592061558496,0.5723831848320676,-0.7354394323022957,-0.311452168085813
Claude Giroux,OTT,R,82,2.310537605350719,0.065,0.0054800579970829,38.0,200.0,1.0,0.065,986.7833333333333,0.8966183400436925,2.3729680386021004,0.005014441164150041,0.9893185136872791,0.8552679240472676,0.9285721444804123,2.773158582214959
Logan Cooley,UTA,C,54,4.122600202088246,0.1276595744680851,0.0023777540598539,51.0,94.0,0.7245901639344262,0.12134038881647788,742.25,0.7111885460487117,3.773664113697765,0.00197296774975921,-1.5698707622026296,0.21110841842472458,-0.3382533473295813,-1.6970156911074863
Marcus Foligno,MIN,L,56,2.7928626842513578,0.050505050505050504,0.002801285004126,29.0,99.0,0.7532786885245901,0.06387977869723988,623.0166666666667,0.6207738277935255,2.8389606524516067,0.00210916310764054,0.13791090199241934,0.23995349528313742,0.9537605560731643,1.331624953348721
Nikita Grebenkin,PHI,R,55,3.494757863205192,0.20588235294117646,-0.0026513660491338,35.0,68.0,0.5754098360655737,0.16292765272631918,600.9,0.6040027443262859,3.2649459258306908,-0.0012148618291891713,-0.6403999412390976,-0.4640481408495549,-1.2733517227992277,-2.3777998048878803
Ilya Mikheyev,CHI,R,76,2.7283061765820387,0.078125,-0.0132636742812125,53.0,192.0,1.0,0.078125,1099.5833333333333,0.9821546572300357,2.7316274534439504,-0.013009558932903353,0.33401766400257976,-2.9620697310918236,0.6334537590861099,-1.994598308003134
Zachary L'Heureux,NSH,L,25,3.256739641758639,0.15217391304347827,0.0024413262514526,15.0,46.0,0.4491803278688524,0.12603256180365383,276.35,0.35789625724447977,3.036935346344196,0.0015005599907783902,-0.22380547782459337,0.11105627033179544,-0.4437578437841433,-0.5565070512769412
Josh Anderson,MTL,R,72,2.8059811703895146,0.04794520547945205,-0.002584557693438,38.0,146.0,1.0,0.04794520547945205,812.55,0.764497084153321,2.8315189878487597,-0.0017459900517035705,0.15150744772777802,-0.5765368088807301,1.3120527861669424,0.8870234250139903
Warren Foegele,OTT,L,68,4.586269957055089,0.14782608695652175,0.0045909972533259,62.0,115.0,0.8450819672131147,0.14114738858461193,811.1166666666667,0.7634101865058587,4.190727445144317,0.003735771862213361,-2.331880468792288,0.5844560926851894,-0.7836179028402132,-2.5310422789473117
Nils Hoglander,VAN,L,38,3.5566093657379962,0.10256410256410256,-0.0019203338437889,25.0,39.0,0.40901639344262297,0.103835195847437,421.75,0.4681531767382237,3.2150633459607234,-0.0003798241801382169,-0.549260281660753,-0.2871939107110327,0.05535459819720266,-0.781099594174583
Alex Laferriere,LAK,R,82,3.8544983235186385,0.12290502793296089,0.0034826465681235,76.0,179.0,1.0,0.12290502793296089,1183.0333333333333,1.0,3.8544983235186385,0.0034826465681235,-1.717561647168153,0.5308461996872775,-0.373434586931961,-1.5601500344128365
Ridly Greig,OTT,C,77,2.6174030866849534,0.0684931506849315,0.0013803893761795,44.0,219.0,1.0,0.0684931506849315,1008.6333333333333,0.913187209995125,2.6431880114442303,0.0013453001346130434,0.4956039463914364,0.07817348670551538,0.850027916665099,1.4238053497620509
Joel Armia,LAK,R,67,3.2144223819039923,0.11206896551724138,0.0060245170796628,42.0,116.0,0.8508196721311474,0.11097188544424941,783.9666666666667,0.7428223229277628,3.137268637544756,0.004726201333907013,-0.4071228208375483,0.7942210558841072,-0.10511536834539488,0.281982866701164
Andrei Svechnikov,CAR,R,79,4.465719874679941,0.168141592920354,-0.0035859556229962,78.0,113.0,0.833606557377049,0.15758780917457577,1047.9833333333333,0.9430263419213893,4.377336683999095,-0.0033260332133418307,-2.6728312084639976,-0.9111771897722508,-1.1532842174850415,-4.73729261572129
Ivan Barbashev,VGK,L,82,4.107635257202624,0.15702479338842976,0.0020347832533467,84.0,121.0,0.8795081967213114,0.1507218814844658,1226.9833333333333,1.0,4.107635257202624,0.0020347832533467,-2.180064068310059,0.2242004428502287,-0.9989023893601436,-2.954766014819974
Jack Drury,COL,C,82,2.2561739896337953,0.058394160583941604,0.0111202987138423,37.0,137.0,0.971311475409836,0.059723034608028996,983.9666666666667,0.8944824597829815,2.3256305598024025,0.010049917842171076,1.075808060024859,1.921741216938942,1.047225821147848,4.044775098111649
Tanner Pearson,BUF,L,56,3.0579500408985085,0.13043478260869565,0.0081443383177901,27.0,115.0,0.8450819672131147,0.12645031089394904,529.7666666666667,0.5500622889847797,2.9933707625888175,0.0049191203208123315,-0.144209327355079,0.8350797392584681,-0.453151019938647,0.23771939196474218
Oliver Bjorkstrand,TBL,R,80,2.554226636934928,0.1188118811881188,-0.0010395223100691,35.0,101.0,0.7647540983606557,0.11549562702711168,822.1666666666666,0.7717894090671095,2.63642672920685,-0.0005795142717581625,0.5079573764472652,-0.32948665937916055,-0.20683264925018569,-0.028361932182080996
Eric Robinson,CAR,L,67,2.3634108979502515,0.06976744186046512,0.00404722145477,27.0,86.0,0.6786885245901639,0.08099646514303296,685.45,0.6681170671818297,2.54628163585257,0.0030280001879462973,0.6726600269995,0.4345557681805196,0.5688882614306502,1.67610405661067
Alexander Kerfoot,UTA,C,34,4.0098389566993085,0.04225352112676056,0.0111388435736733,24.0,71.0,0.5926229508196721,0.06769885834275136,359.1166666666667,0.4206582772130644,3.3752174371163317,0.00525119724048254,-0.8418752463648803,0.9054109489252349,0.8678877470312144,0.931423449591569
Ryan Strome,CGY,C,52,3.7620658361521326,0.16883116883116883,0.0047754035447797,38.0,77.0,0.6270491803278688,0.14491895839636348,606.05,0.6079079928503077,3.4297109401197408,0.0032857642405785207,-0.9414394494575993,0.4891481127741653,-0.8684224432780046,-1.3207137799614386
Berkly Catton,SEA,C,66,2.749315853115255,0.24390243902439024,-0.0039176392674617,36.0,41.0,0.4204918032786885,0.163242126395056,785.65,0.7440987957462941,2.7915663736149106,-0.0026653011851948496,0.22450422676426524,-0.771239482414258,-1.2804227293795427,-1.8271579850295354
Alex Killorn,ANA,L,82,2.9012604364785144,0.07784431137724551,-0.0075836180885241,50.0,167.0,1.0,0.07784431137724551,1034.0333333333333,0.9324480473757379,2.9021494356940254,-0.007005386000346965,0.02245969219340184,-1.6904343948735658,0.6397651018019845,-1.0282096008781794
Nicholas Robertson,TOR,L,78,4.219600725952813,0.1651376146788991,-0.0005686298229391,62.0,109.0,0.810655737704918,0.15369692266743715,881.6,0.8168577464025852,3.9805671084615546,-0.0002857071235921131,-1.94789989697609,-0.26726067824267324,-1.065796816057291,-3.280957391276054
Jesper Boqvist,FLA,C,73,4.126922328207125,0.16831683168316833,0.0033899139065848,53.0,101.0,0.7647540983606557,0.15335474080734218,770.55,0.7326484554137251,3.802758136059423,0.002744602428508898,-1.623027982633458,0.37453441150846256,-1.058102784966819,-2.3065963560918146
Kent Johnson,CBJ,C,76,2.707341059411095,0.08411214953271028,0.0069221609486484,39.0,107.0,0.7991803278688524,0.08824958959275775,864.3166666666667,0.803751782909347,2.7479800630416946,0.005755275732195143,0.3041400739532872,1.0121707024316065,0.4058002327322337,1.7221110091171272
Frank Nazar,CHI,C,65,3.9929625946607517,0.1267605633802817,0.0017155274877158,58.0,142.0,1.0,0.1267605633802817,871.5333333333333,0.8092241861808727,3.787202880522976,0.0015744807305437848,-1.594607225368265,0.1267120860154799,-0.460127112344823,-1.9280222516976082
Jani Nyman,SEA,R,28,2.8972946201943914,0.26666666666666666,0.0083844106896248,13.0,15.0,0.3,0.15330043859649123,269.21666666666664,0.3524870456966436,2.9083839568470804,0.003587495061826838,0.011068698844528891,0.553052263876314,-1.0568817883352248,-0.49276082561438195
Joel Eriksson Ek,MIN,C,70,1.817788357498377,0.059602649006622516,-0.0029640605342177,28.0,151.0,1.0,0.059602649006622516,924.2,0.8491613555527471,1.9832028884018693,-0.002369717730775251,1.70145215227117,-0.7086372939590723,1.0499327167144616,2.0427475750265596
Frederick Gaudreau,SEA,C,68,2.3561922769253143,0.034129692832764506,0.0100044977717814,36.0,293.0,1.0,0.034129692832764506,916.7333333333333,0.8434993771101522,2.4435553675635475,0.008591562764240428,0.8603495399721847,1.6128733893994784,1.6226974936477037,4.095920423019367
Ty Dellandrea,SJS,C,46,2.783684515754881,0.07291666666666667,-0.0045882384476429,24.0,96.0,0.7360655737704918,0.081309318377912,517.3,0.5406088071208044,2.8437435518660177,-0.002031986728782769,0.12917214338043082,-0.6371085953199436,0.5618536906464304,0.05391723870691767
Alex Ovechkin,WSH,L,82,2.743538767395626,2.3333333333333335,-0.007698147213827,46.0,6.0,0.3,0.10714285714285714,1006.0,0.9111903515265314,2.7587147287600273,-0.0069277819311460076,0.28452693883063485,-1.6739984797627316,-0.019018861683606284,-1.408490402615703
JJ Peterka,UTA,R,82,4.056759040967928,0.18018018018018017,0.0027200570412624,76.0,111.0,0.8221311475409836,0.16675725957838772,1124.05,1.0,4.056759040967928,0.0027200570412624,-2.087108951707197,0.3693358967230933,-1.3594612382946505,-3.077234293278754
Jackson Blake,CAR,R,81,4.182367923263677,0.34545454545454546,-3.0892879143500696e-05,78.0,55.0,0.5008196721311475,0.2252820564357989,1118.9833333333333,0.996865690504992,4.178393784136732,-2.7736354043977827e-05,-2.3093458350881733,-0.2126245526757245,-2.6754036043204588,-5.197373992084357
Marat Khusnutdinov,BOS,C,77,2.7033162775265005,0.1092436974789916,0.0035592376507816,43.0,119.0,0.8680327868852458,0.10864604631757793,954.3833333333333,0.872049397873147,2.730327211170489,0.003228735788197426,0.33639331575278103,0.4770699471329961,-0.05281838642157163,0.7606448764642055
Alex DeBrincat,DET,R,82,3.699210777947452,0.12727272727272726,0.0013013996172271,72.0,165.0,1.0,0.12727272727272726,1167.8166666666666,1.0,3.699210777947452,0.0013013996172271,-1.4338382696482272,0.06887571167249996,-0.4716432251825981,-1.8366057831583253
Fraser Minten,BOS,C,82,2.084103883573209,0.02857142857142857,-0.0023176256111978,36.0,105.0,0.7877049180327869,0.044736315686757885,1036.4166666666667,0.9342553306732626,2.138692785884267,-0.0021010744643430177,1.4173590608280495,-0.6517408197452832,1.3842053480357546,2.1498235891185207
Jason Zucker,BUF,L,62,4.6812994641616035,0.13709677419354838,0.0041541659035892,58.0,124.0,0.8967213114754098,0.1337524179632052,743.3833333333333,0.7120479534908912,4.172523098358591,0.003239062677935257,-2.2986195995024032,0.4792570989774491,-0.6173404331390432,-2.436702933663997
Gabriel Vilardi,WPG,C,82,2.730996813837051,0.0859375,-0.0025435964629578,55.0,128.0,0.9196721311475409,0.08744584951107277,1208.35,1.0,2.730996813837051,-0.0025435964629578,0.33516989548778514,-0.7454634051560424,0.42387249750812356,0.01357898783986633
Vasily Podkolzin,EDM,R,82,2.664615473927115,0.17117117117117117,0.0061968783812225,51.0,111.0,0.8221311475409836,0.1593506726636041,1148.3833333333334,1.0,2.664615473927115,0.0061968783812225,0.45645417423834017,1.1056985770245993,-1.1929225737938114,0.369230177469128
Jack McBain,UTA,C,75,3.279310737465366,0.08496732026143791,0.0076405967800449,48.0,153.0,1.0,0.08496732026143791,878.2333333333333,0.8143048007655225,3.2115524029853733,0.006403049363579607,-0.5428454942057632,1.149363926009893,0.4796027489599173,1.086121180764047
Ross Colton,COL,C,73,3.486579436296794,0.1079136690647482,-0.0026460759385341,49.0,139.0,0.9827868852459016,0.10785860849715395,843.2333333333333,0.7877642768158593,3.365146905951795,-0.0018773006464868562,-0.8234755408063159,-0.6043473323652975,-0.03511268141875762,-1.462935554590371
Tyler Bertuzzi,CHI,L,78,3.4785664089950807,0.1111111111111111,0.0009453871554241,67.0,153.0,1.0,0.1111111111111111,1138.4,1.0,3.4785664089950807,0.0009453871554241,-1.0307024910534028,-0.0065248525097835455,-0.10824588674613159,-1.145473230309318
Nick Schmaltz,UTA,C,82,4.185096971759102,0.10596026490066225,0.0068366377981395,82.0,151.0,1.0,0.10596026490066225,1175.6,1.0,4.185096971759102,0.0068366377981395,-2.321593121407067,1.2411944547030702,0.007571973599927616,-1.0728266931040693
Michael Carcone,UTA,L,79,2.812397805312307,0.07407407407407407,-0.0069049853870383,43.0,135.0,0.9598360655737705,0.07530473069056978,917.3666666666667,0.8439796342101937,2.82831544938887,-0.005675360740315814,0.15736058133557404,-1.408745786348031,0.6968681076557213,-0.5545170973567357
Marc Gatcomb,NYI,C,49,1.4704881203621758,0.0625,-0.0027317277655767,12.0,64.0,0.5524590163934426,0.0813929033649698,489.6333333333333,0.5196291548558325,2.1641112177434416,-0.0009505497733127158,1.3709174527015358,-0.4080689820517602,0.5599742646331958,1.5228227352829713
Isak Rosen,WPG,R,37,2.6547448956076876,0.1891891891891892,0.0100756546901574,16.0,37.0,0.3975409836065573,0.13829689941235457,361.6166666666667,0.42255402892375465,2.804693623129527,0.004821208352666075,0.20051964025969976,0.8143427751616588,-0.7195240542992202,0.2953383611221384
Jake Evans,MTL,C,68,3.200198461920119,0.08875739644970414,0.0052269160194529,43.0,169.0,1.0,0.08875739644970414,806.2,0.759681874808168,3.131520877834198,0.0042053907131616676,-0.39662118149323344,0.6839175725806093,0.39438208875401093,0.6816784798413867
Elias Lindholm,BOS,C,69,2.8821485107079825,0.05405405405405406,0.0025456919548791,44.0,148.0,1.0,0.05405405405405406,915.9833333333333,0.842930651596945,2.8872174771446315,0.002299172090736186,0.04974163355604295,0.2801958633523805,1.1746940411799076,1.504631538088331
Nico Hischier,NJD,C,82,3.029521547336274,0.06324110671936758,0.0064192998809449,62.0,253.0,1.0,0.06324110671936758,1227.9166666666667,1.0,3.029521547336274,0.0064192998809449,-0.21025984486964858,1.1528056543454452,0.9681212298184029,1.9106670392941996
Dylan Holloway,STL,L,59,2.10896309314587,0.07766990291262135,-0.0032566021643015,31.0,103.0,0.7762295081967212,0.08372177795974099,881.95,0.817123151642082,2.2562626355943034,-0.0024825215592948146,1.2025490789228999,-0.7325282338133158,0.5076090295707438,0.9776298746803279
Sam Reinhart,FLA,C,64,2.6070486871912952,0.0718954248366013,-0.0017533208425903,39.0,153.0,1.0,0.0718954248366013,897.5666666666667,0.8289652806615271,2.6596199673556895,-0.0012864788666530503,0.46558138396822835,-0.4792160509909372,0.773527066812942,0.7598923997902332
Steven Stamkos,NSH,C,82,3.0058596370901607,0.16025641025641027,0.0058007024328874,56.0,156.0,1.0,0.16025641025641027,1117.8166666666666,0.9959810063733365,3.0054921444489744,0.005781312768259778,-0.1663561092423355,1.0176851363898038,-1.2132882740589455,-0.3619592469114771
Andre Burakovsky,CHI,L,74,3.3041597010522175,0.2077922077922078,-0.0065461398057042,56.0,77.0,0.6270491803278688,0.16934944594160514,1016.9,0.9194558289851409,3.272768493578917,-0.0059402595847438,-0.654692428986531,-1.4648492222220189,-1.41774709384923,-3.53728874505778
Jordan Greenway,BUF,L,40,2.579925946570052,0.043010752688172046,0.0077675904948835,18.0,93.0,0.7188524590163934,0.0603587254260718,418.6166666666667,0.465777167927492,2.7586206630107135,0.004139471959476008,0.28469880484864735,0.6699565129229784,1.0329321794083606,1.9875874971799863
Tanner Jeannot,BOS,L,77,2.947138624668642,0.13970588235294118,0.0094071584142292,42.0,136.0,0.9655737704918033,0.1385012751865198,855.0666666666667,0.7967375015797931,2.9404882906896277,0.007693459726409003,-0.04758861328781579,1.4226624192459008,-0.724119486564771,0.6509543193933139
Victor Olofsson,CGY,L,78,3.8673929022409013,0.12389380530973451,-0.0001102572223966,57.0,113.0,0.833606557377049,0.12070256327293644,884.3166666666667,0.8189177965948686,3.694826589956955,8.647993979163798e-05,-1.42582799026767,-0.18843446407489248,-0.3239117058382903,-1.9381741601808529
Curtis Douglas,VAN,C,43,3.745664739884393,0.23809523809523808,0.0095238485651137,18.0,21.0,0.30573770491803276,0.14549430697645754,288.3333333333333,0.3669832271110549,3.2194732988855193,0.004113040489071235,-0.5573176357384719,0.66435854095707,-0.8813592771062914,-0.7743183718876933
Anton Lundell,FLA,C,64,3.564910100578618,0.13333333333333333,0.0002921083963834,51.0,150.0,1.0,0.13333333333333333,858.3666666666667,0.7992398938379042,3.4343177726779444,0.000429445695396828,-0.9498565191477316,-0.11579708689750572,-0.6079172270962734,-1.6735708331415107
Jordan Eberle,SEA,R,80,2.4293205494088372,0.0641025641025641,0.0092684973697963,48.0,156.0,1.0,0.0641025641025641,1185.5166666666667,1.0,2.4293205494088372,0.0092684973697963,0.8863577473295798,1.75624267179743,0.9487511793791682,3.591351598506178
Roope Hintz,DAL,C,53,3.1525176356117734,0.08,0.0098220084784988,36.0,100.0,0.7590163934426228,0.08595588869715273,685.1666666666666,0.6679022153212847,3.0734461595355427,0.006884333418355618,-0.2905137975198079,1.2512960018655097,0.4573745797713512,1.418156784117053
Cole Reinhardt,FLA,L,59,2.725281855787168,0.136986301369863,0.0131554963349327,28.0,73.0,0.6040983606557377,0.12421000552554753,616.45,0.6157943199667792,2.7979500610672883,0.008476139582923122,0.21284069406846454,1.5884276917770883,-0.40277728255862116,1.3984911032869318
Jared McCann,SEA,L,52,4.4447804066822885,0.12345679012345678,4.7594341571903634e-05,49.0,81.0,0.6499999999999999,0.11689713287849252,661.45,0.6499178507592034,3.90902877962702,0.00037268085559454044,-1.8171933666847684,-0.12781942152347123,-0.238345803077247,-2.1833585912854865
Jamie Benn,DAL,L,60,2.7315449383199533,0.09278350515463918,-0.021647199187803,31.0,97.0,0.7418032786885246,0.0958641553552209,680.9333333333333,0.6646920757578492,2.7928646190338586,-0.01406139584363389,0.2221322234348362,-3.184840293940038,0.2345851201000919,-2.72812295040511
Juraj Slafkovsk,MTL,L,82,3.4179181771103058,0.11194029850746269,-0.0037036024959548,66.0,134.0,0.9540983606557376,0.1116086414347589,1158.6,1.0,3.4179181771103058,-0.0037036024959548,-0.9198930817883703,-0.9911433145049049,-0.11943296071181868,-2.030469357005094
Tye Kartye,NYR,L,64,2.4156270192355485,0.05128205128205128,-0.0184047779334489,27.0,117.0,0.8565573770491803,0.05894660101546426,670.6333333333333,0.6568815787098055,2.5867723079358416,-0.011754809097716914,0.5986801711181977,-2.6963238496090662,1.0646840937728845,-1.032959584717984
Brayden Schenn,NYI,C,80,2.4089422857577367,0.062111801242236024,0.0065866040936165,44.0,161.0,1.0,0.062111801242236024,1095.9166666666667,0.9793742213876901,2.4193681709263046,0.006470885037711387,0.9045415780227267,1.1637309739365806,0.9935139009824416,3.061786452941749
Tyler Seguin,DAL,C,27,2.9227369085742634,0.0547945205479452,-0.0039610199804181,18.0,73.0,0.6040983606557377,0.07455808547165127,369.51666666666665,0.4285446043295358,2.917984547004902,-0.0011396218407078089,-0.006472385057225502,-0.4481129189423441,0.713656582434358,0.2590712784347884
John Beecher,CGY,C,35,2.7500409232280245,0.1794871794871795,-0.0051182549487201,14.0,39.0,0.40901639344262297,0.1352979953430234,305.45,0.37996280715691405,2.851962477628356,-0.0013394693110646313,0.11415547627877237,-0.49043899915592054,-0.652093065583531,-1.028376588460679
Mathieu Joseph,LAK,R,51,2.543645302793888,0.0379746835443038,0.0095266975614606,24.0,79.0,0.6385245901639344,0.062099635079346016,566.1166666666667,0.5776265188582157,2.7002509837625963,0.005915192028743464,0.3913451072299209,1.0460396825246598,0.9937874597137591,2.43117224946834
Alex Iafallo,WPG,L,79,1.3658858462553611,0.061068702290076333,-0.0055469960045638,24.0,131.0,0.9368852459016392,0.06382342210096008,1010.3333333333334,0.9144763211583944,1.4983222408724148,-0.0049891087121320885,2.587369786586797,-1.263403149086862,0.9550277459931957,2.2789943834931305
Justin Hryckowian,DAL,C,81,1.393291559159602,0.043859649122807015,0.004640908561948,21.0,114.0,0.839344262295082,0.053636396318665513,904.3333333333334,0.8340964486251286,1.6456522801193565,0.004032919567122977,2.318185440916762,0.6473895767609622,1.1840851632001217,4.149660180877846
Cutter Gauthier,ANA,L,76,3.6995351113286032,0.1794871794871795,0.0034773507401761,63.0,117.0,0.8565573770491803,0.16876164935510277,1021.75,0.92313358730388,3.63918618037662,0.0032850958707759856,-1.324168292610282,0.489006557447876,-1.4045303639788405,-2.2396920991412466
Dmitri Voronkov,CBJ,L,63,2.630797688917308,0.12,-0.0159565768299495,32.0,75.0,0.6155737704918032,0.11412401136036814,729.8166666666667,0.7017603408742124,2.7153853089860522,-0.010906552731557478,0.36369342497111734,-2.516670001943961,-0.17599158251107072,-2.3289681594839142
Vladimir Tarasenko,MIN,R,75,3.811331775700934,0.07913669064748201,0.0016781415002381,58.0,139.0,0.9827868852459016,0.07957697151166038,913.0666666666667,0.8407189412678064,3.668470824592942,0.0015663347183856604,-1.3776737951666054,0.12498682642920675,0.6008058742739396,-0.6518810944634591
Adam Gaudette,SJS,R,66,2.1070601146201686,0.064,0.0001152053831117,24.0,125.0,0.9024590163934425,0.06797137259131436,683.4166666666666,0.6665751891238014,2.3762541538437287,0.0004022806830354325,0.9833145053693867,-0.12155041712559568,0.8617602068382348,1.7235242950820258
Oliver Moore,CHI,C,50,3.527839643652561,0.1780821917808219,-0.0069744310094414,36.0,73.0,0.6040983606557377,0.14903596555249565,561.25,0.5739361221947388,3.266483975405089,-0.0035869564612035125,-0.6432100868849463,-0.9664386264012054,-0.9609942150551104,-2.570642928341262
Anders Lee,NYI,L,82,3.1279126712058263,0.09701492537313433,-0.0025225263668608,55.0,134.0,0.9540983606557376,0.09736836739512103,1055.0166666666667,0.9483597234007979,3.1168878850162502,-0.00234185142777185,-0.36988547561120766,-0.7027354360367684,0.20076259602344457,-0.8718583156245313
Pierre-Luc Dubois,WSH,C,29,3.110688671908753,0.13636363636363635,-0.009397061358285,20.0,66.0,0.5639344262295081,0.1225627173373075,385.76666666666665,0.4408669904490223,3.000948751205211,-0.003597031312258598,-0.15805494850352528,-0.9685723984881676,-0.36573766119538276,-1.4923650081870754
Lenni Hameenaho,NJD,R,33,1.892910349662606,0.07317073170731707,0.0015161410889102,12.0,82.0,0.6557377049180327,0.0840302037079905,380.3666666666667,0.4367721667539314,2.468253391891481,0.0012120284227551997,0.815224176861991,0.04994761446292901,0.5006740117545592,1.3658458030794791
Alexander Holtz,VGK,R,28,3.5307579142374546,0.09375,-4.671131903577129e-05,18.0,32.0,0.3688524590163934,0.10067047742306587,305.8833333333333,0.3802914041201004,3.1488084236753977,0.0005871925191791818,-0.4282069785193529,-0.08238758361518969,0.12651395755933673,-0.3840806045752059
Kiefer Sherwood,SJS,L,72,4.146681107844654,0.14285714285714285,0.0005297420043417,67.0,133.0,0.9483606557377049,0.14088750308147419,969.45,0.8834744615162402,4.003091296331226,0.0005817651799798359,-1.9890534784482554,-0.08353705022533815,-0.7777743226441448,-2.8503648513177384
Josh Samanski,EDM,C,24,2.4860161591050343,0.06451612903225806,-0.0094654841384173,10.0,31.0,0.36311475409836064,0.09011814098638983,241.35,0.33135573329481643,2.772466376613068,-0.002483715248248056,0.25940152416213696,-0.7327810474931423,0.36378546166061665,-0.10959406167038871
Josh Norris,BUF,C,44,1.4874614626704383,0.028037383177570093,-0.0098340450695342,13.0,107.0,0.7991803278688524,0.04343573943188753,524.3833333333333,0.5459801036344268,2.1353293323804836,-0.0049259809938226665,1.423504372641141,-1.2500332081809602,1.4134490786581932,1.586920243118374
Scott Laughton,LAK,C,64,4.456749274090081,0.12053571428571429,0.0023221084378374,55.0,224.0,1.0,0.12053571428571429,740.45,0.7098236048170148,4.009201918468558,0.0019315561279966817,-2.0002180978977733,0.20233777138393144,-0.32016007126962936,-2.118040397783471
Ryan O'Reilly,NSH,C,81,2.0275978597578144,0.09202453987730061,0.0005134964944876,40.0,163.0,1.0,0.09202453987730061,1183.6666666666667,1.0,2.0275978597578144,0.0005134964944876,1.6203388139691302,-0.0979958064610843,0.3209196816527631,1.843262689160809
Tomas Hertl,VGK,C,82,2.598860993021577,0.06040268456375839,0.0067905828287797,45.0,149.0,1.0,0.06040268456375839,1038.9166666666667,0.9361510823839527,2.6190091365980877,0.0064193404592636305,0.5397807798312719,1.1528142485056336,1.031943748952178,2.7245387772890837
Kirill Kaprizov,MIN,L,78,4.104140076085206,0.21367521367521367,-0.009102753961241,92.0,117.0,0.8565573770491803,0.19804566224567302,1344.9833333333333,1.0,4.104140076085206,-0.009102753961241,-2.17367807909225,-2.1346399902292825,-2.0629875527126336,-6.371305622034166
Jonathan Toews,WPG,C,82,3.5438578312004565,0.1732283464566929,-0.0074185972572369,58.0,127.0,0.9139344262295082,0.1673316984333494,965.05,0.8801379385054253,3.468412195023693,-0.0064123801515569645,-1.0121498899840438,-1.5648405453332597,-1.3723776167620065,-3.94936805207931
Nathan Bastian,DAL,R,36,2.1331609566903684,0.03225806451612903,-0.0081549857171904,11.0,31.0,0.36311475409836064,0.07840476182192659,309.4,0.3829580948598046,2.6152309362631496,-0.0025206645717451726,0.546683868910519,-0.7406066157997314,0.6271632556817714,0.43324050879255904
Dalibor Dvorsky,STL,R,71,3.0493204481577023,0.17475728155339806,-0.0081538214006046,44.0,103.0,0.7762295081967212,0.15908386613417996,865.7666666666667,0.8048513189015472,3.0229949336306174,-0.006372110741767809,-0.19833517391470815,-1.5563118095636954,-1.186923372866093,-2.9415703563444966
Ross Johnston,ANA,L,62,3.418707929503114,0.058823529411764705,0.0002061984079734,34.0,119.0,0.8680327868852458,0.0648796873149605,596.7166666666667,0.6008305197970643,3.2174118447424185,0.0005135575470670617,-0.5535511860213896,-0.09798287601782711,0.931277400507179,0.2797433384679623
Trevor Zegras,PHI,C,81,3.552242078719438,0.168,-0.0003966421720653,72.0,125.0,0.9024590163934425,0.1618271102962324,1216.1333333333334,1.0,3.552242078719438,-0.0003966421720653,-1.1653141225164987,-0.2907558255757343,-1.2486057947973128,-2.704675742889546
Luke Kunin,FLA,C,62,2.3626476654790927,0.11594202898550725,0.0084018780658141,21.0,69.0,0.5811475409836065,0.11123952354603545,533.3,0.552741618069222,2.609432764980184,0.0050806790727271,0.5572776144281716,0.8692965781333383,-0.11113326735256376,1.315440925208946
Matthew Tkachuk,FLA,L,31,3.8461538461538467,0.13333333333333333,-0.0153214793105646,27.0,60.0,0.5295081967213114,0.11986860080529192,421.2,0.4677361113618719,3.3502259206250704,-0.006646815806670629,-0.7962136484423664,-1.614492123737262,-0.30515988435785624,-2.715865656537485
Jack Quinn,BUF,R,82,3.6386033069597765,0.11046511627906977,-0.0006564853795149,64.0,172.0,1.0,0.11046511627906977,1055.35,0.9486124902955566,3.601389364480584,-0.0005725860007074117,-1.2551103380520003,-0.3280193075247093,-0.09372055708479043,-1.6768502026615
Timo Meier,NJD,R,77,3.6223883725805326,0.10294117647058823,-0.0088370837802592,72.0,204.0,1.0,0.10294117647058823,1192.5833333333333,1.0,3.6223883725805326,-0.0088370837802592,-1.2934772880914964,-2.0783731915026644,0.07545681191200872,-3.2963936676821524
Bobby McMann,SEA,C,78,2.150505518137423,0.05813953488372093,-0.0031665960633987,40.0,172.0,1.0,0.05813953488372093,1116.0166666666667,0.9946160651416396,2.1546183875319738,-0.003144291546185659,1.388261650138066,-0.8726857724504973,1.0828311454838573,1.598407023171426
Anze Kopitar,LAK,C,67,2.5217406160837847,0.12396694214876033,-0.0020264482067569,41.0,121.0,0.8795081967213114,0.12164723035318278,975.5166666666667,0.8880748190008485,2.5656914017691914,-0.0016903768224498972,0.6371967557984595,-0.5647583760683249,-0.345152743816001,-0.2727143640858664
Lars Eller,OTT,C,68,2.9098390770813434,0.07096774193548387,0.0037918343129086,33.0,155.0,1.0,0.07096774193548387,680.45,0.6643255637604492,2.9113769994300087,0.0028466961736387584,0.005600158868796583,0.39615704219753484,0.7943862119508984,1.19614341301723
Vinnie Hinostroza,FLA,C,65,4.2994700306038665,0.16091954022988506,-0.0108999840895227,48.0,87.0,0.6844262295081966,0.1431828338688723,669.85,0.6562875765071225,3.823411356911623,-0.0068179937930888624,-1.6607631503527835,-1.650746238793111,-0.8293853181430219,-4.140894707288917
Logan Stankoven,CAR,C,81,2.135848482543546,0.16071428571428573,-0.0010279855978512,39.0,56.0,0.5065573770491802,0.1330818080036156,1095.5833333333333,0.9791214544929314,2.152103937310815,-0.000986141222050461,1.3928557617052801,-0.41560696345078146,-0.6022616271578303,0.37498717109666835
Pavel Zacha,BOS,C,78,3.0652139915550225,0.09248554913294797,-1.954690316545487e-05,49.0,173.0,1.0,0.09248554913294797,959.15,0.8756639644681965,3.0464649472972694,0.00010425969739245455,-0.2412168584918445,-0.18466885500790525,0.31055379158202184,-0.1153319219177279
Jordan Kyrou,STL,R,72,2.934609250398724,0.0759493670886076,-0.0016604596009177,46.0,79.0,0.6385245901639344,0.08634740432607771,940.5,0.8615216567064472,2.9318135687071663,-0.0012953400400506267,-0.031739168241483706,-0.4810927759519416,0.4485712685130675,-0.06426067568035776
Vincent Trocheck,NYR,C,67,3.6670458210957,0.17218543046357615,-0.0007404418590639,60.0,151.0,1.0,0.17218543046357615,981.7166666666667,0.8927762832433603,3.5863465546645767,-0.0005563776747951845,-1.2276258621225964,-0.3245865149981699,-1.4815148022779778,-3.033727179398744
Nathan MacKinnon,COL,C,80,5.710842484536209,0.2833333333333333,-0.0017988369259051,129.0,120.0,0.8737704918032787,0.26078641788898477,1355.3166666666666,1.0,5.710842484536209,-0.0017988369259051,-5.1092582141143765,-0.5877293500347262,-3.4737266387219767,-9.170714202871078
Brendan Gaunce,CBJ,C,25,1.2095961292923862,0.038461538461538464,0.0029001481596425,5.0,52.0,0.48360655737704916,0.07267434625340148,248.01666666666668,0.3364110711899904,2.3408988175561922,0.0016234341428499413,1.0479116717934913,0.13708002338441003,0.756012854936743,1.9410045501146445
Keegan Kolesar,VGK,R,82,2.5108388312912346,0.04054054054054054,0.0047893628962326,37.0,148.0,1.0,0.04054054054054054,884.1666666666666,0.8188040514922272,2.583966224670292,0.004098432322317519,0.6038071207314164,0.661264649217099,1.478548234636075,2.7436200045845904
Matvei Michkov,PHI,R,81,4.60582798848543,0.3150684931506849,0.0013691671411937,76.0,73.0,0.6040983606557377,0.23178916564232274,990.05,0.8990954556123276,4.435157303257502,0.0013295144662527488,-2.778474332166848,0.07483020963500862,-2.821717323376742,-5.525361445908581
Zakhar Bardakov,COL,C,60,3.829485462138524,0.23809523809523808,0.0102518972170807,27.0,42.0,0.4262295081967213,0.16156554295575,423.03333333333336,0.46912632928304476,3.3437016549813876,0.00532767113221786,-0.7842932675937018,0.9216075015763854,-1.2427243981348335,-1.1054101641521499
Philipp Kurashev,SJS,C,43,3.2740170370145814,0.11392405063291139,0.0001394745373637,30.0,79.0,0.6385245901639344,0.11059517357280937,549.7833333333333,0.5652409410150395,3.1176792572302396,0.000503246338002219,-0.3713313790582781,-0.10016670682238143,-0.09664492268762356,-0.5681430085682831
Nick Suzuki,MTL,C,82,2.595322012175585,0.06875,-0.0086257723182191,54.0,160.0,1.0,0.06875,1248.4,1.0,2.595322012175585,-0.0086257723182191,0.5830591439793251,-2.0336191304360516,0.8442526057963258,-0.6063073806604007
Alex Newhook,MTL,C,42,1.3124751425162402,0.11627906976744186,0.0086945443704577,11.0,43.0,0.43196721311475406,0.10971024916226899,502.8666666666667,0.5296640005777529,2.065927791423892,0.005064326805055644,1.5503068121598016,0.8658332999046965,-0.07674721120307618,2.339392900861422
Owen Tippett,PHI,R,81,4.076573474727999,0.1404494382022472,0.0019731471143408,74.0,178.0,1.0,0.1404494382022472,1089.15,0.9742430534240887,4.046639966926018,0.00194746867197339,-2.0686205542379437,0.20570791968532187,-0.7679243417027797,-2.6308369762554014
Evgeni Malkin,PIT,C,56,5.77185570360741,0.55,-0.003578004161468,74.0,40.0,0.4147540983606557,0.2893987273511648,769.25,0.7316626645241662,5.005099199377557,-0.002355942493457511,-3.819806006014214,-0.7057198099467368,-4.1170804345986,-8.64260625055955
David Perron,DET,L,65,2.4214160799964124,0.075,0.0057120327035185,30.0,80.0,0.6442622950819672,0.08557071469657751,743.3666666666667,0.7120353151461534,2.5633839902976145,0.004348278691486789,0.6414125901954549,0.7141800923980808,0.4660352981824464,1.821627980775982
Taylor Ward,LAK,R,36,3.5824647776672074,0.11428571428571428,0.003562497727705,19.0,35.0,0.3860655737704918,0.1084098694482107,318.21666666666664,0.38964377922617216,3.174719898489472,0.0019839317685816666,-0.4755494175007292,0.21343050906371985,-0.04750789984213241,-0.3096268082791418
Marco Rossi,VAN,C,50,2.875051426635367,0.16129032258064516,-0.0048539219756697,33.0,62.0,0.540983606557377,0.13532128178722852,688.6833333333333,0.670568906060989,2.8880208782967927,-0.0029333001628330142,0.04827375222946181,-0.8279995014648678,-0.6526166661789894,-1.4323424154143953
Conor Garland,CBJ,R,71,4.0521708057888155,0.07317073170731707,0.006800349725573,63.0,164.0,1.0,0.07317073170731707,932.8333333333334,0.8557080181269971,3.888002583273056,0.005959970897375301,-1.778776741423542,1.055523485257816,0.7448515236077689,0.02159826744204274
Robert Thomas,STL,C,64,5.101373446697188,0.12650602409638553,0.0007979640311471,78.0,166.0,1.0,0.12650602409638553,917.4,0.8440049108996694,4.760219552847256,0.0008257671868950886,-3.372390341455252,-0.03185939576952305,-0.45440374301279596,-3.858653480237571
Simon Holmstrom,NYI,R,79,2.4316930662974094,0.056338028169014086,0.00540902703109,40.0,142.0,1.0,0.056338028169014086,986.9666666666667,0.8967573618358098,2.4815311372273063,0.004951369757583011,0.7909646218624375,0.8419099095136195,1.1233384028492879,2.7562129342253447
Jonathan Marchessault,NSH,R,62,4.234263465282284,0.2087912087912088,0.0032301160756878,58.0,91.0,0.7073770491803278,0.17833609579592108,821.8666666666667,0.7715619188618267,3.9327611088587355,0.00271523466994703,-1.8605543238128497,0.3683145574249298,-1.6198138058575853,-3.112053572245505
Fedor Svechkov,NSH,C,70,3.5208572522005355,0.26,0.0034478585696677,46.0,50.0,0.4721311475409836,0.17802983894161634,783.9,0.742771769548811,3.3648646423059603,0.002812076923175748,-0.8229598214377549,0.3888249645414353,-1.612927556077901,-2.0470624129742205
Boone Jenner,CBJ,C,67,3.2901240324536043,0.10714285714285714,-0.0056029100078721,49.0,140.0,0.9885245901639343,0.10711499548050453,893.5833333333334,0.8259447162691607,3.2247308764438687,-0.00445778201916433,-0.5669236711545191,-1.150872446616552,-0.018392386345861315,-1.7361885041169325
Easton Cowan,TOR,R,66,4.69101678183613,0.19047619047619047,-0.0090015939094663,66.0,84.0,0.6672131147540983,0.16193596183080652,844.1666666666666,0.7884720241211836,4.315217001544086,-0.006891012417861689,-2.559333335522726,-1.6662109938070302,-1.2510533444454048,-5.476597673775162
Brad Lambert,WPG,C,25,3.5719347980155916,0.35294117647058826,0.01075750126096,14.0,17.0,0.3,0.1791827915376677,235.16666666666666,0.3266669073970426,3.129208774218434,0.004171424066058962,-0.3923967741550427,0.6767237110456675,-1.6388519376842132,-1.3545250007935885
Sam Bennett,FLA,C,76,3.495484998543548,0.14049586776859505,0.0071326231531035,60.0,121.0,0.8795081967213114,0.1361845559188243,1029.9,0.9293137378807301,3.4544117328402337,0.006697448258901006,-0.9865698706533235,1.2117152344148152,-0.6720275665880726,-0.44688220282658087
Leon Draisaitl,EDM,C,65,4.673057975320999,0.20161290322580644,-0.0071185063527046,83.0,124.0,0.8967213114754098,0.19160540580032842,1065.6833333333334,0.9564482640330763,4.596466267573122,-0.006765968056693637,-3.0731993470514998,-1.6397276079948178,-1.9181770320516545,-6.631103987097972
Brett Howden,VGK,C,58,3.2819691815089054,0.13636363636363635,0.0074659633590176,41.0,110.0,0.8163934426229509,0.1305527230893926,749.55,0.7167241410439271,3.177851560130273,0.0056275686524754715,-0.4812712261281336,0.9851233743348068,-0.5453946209551197,-0.04154247274844658
Sean Kuraly,BOS,C,82,3.2893969438936197,0.06172839506172839,-0.0066644140912442,47.0,162.0,1.0,0.06172839506172839,857.3,0.7984310397746762,3.213813365492264,-0.005124304461387274,-0.546976462446271,-1.292036516911296,1.0021348695875165,-0.8368781097700504
Michael Eyssimont,BOS,C,56,3.822106877433054,0.16483516483516483,-0.0082785516005634,36.0,91.0,0.7073770491803278,0.14724259912865392,565.1333333333333,0.5768808565186776,3.4380474651915858,-0.004362691146118179,-0.9566709803666839,-1.130732967678219,-0.9206699938418133,-3.0080739418867157
Anthony Cirelli,TBL,C,71,2.692796768643878,0.09090909090909091,0.0025881852479937,40.0,132.0,0.9426229508196722,0.09170122820090465,891.2666666666667,0.8241879863505877,2.7317609123482396,0.0023047779963769805,0.3337738233845459,0.28138314889268967,0.328189412694066,0.9433463849713016
Morgan Geekie,BOS,C,81,3.610508195494349,0.12686567164179105,0.0018164234786598,67.0,134.0,0.9540983606557376,0.12584891547439678,1113.4166666666667,0.9926444833625219,3.6053881120915747,0.00181024316410014,-1.2624163855129662,0.176644665378317,-0.4396285174470819,-1.5254002375817313
Connor Brown,NJD,R,75,2.9195186038213254,0.125,-0.0003909504811042,50.0,112.0,0.8278688524590163,0.12150830457290768,1027.5666666666666,0.927544369617419,2.9191492295382235,-0.0002918930935012116,-0.008600357785991313,-0.26857081671029454,-0.3420289684282346,-0.6192001429245204
Tim Sttzle,OTT,C,80,3.729393748310963,0.25,0.0010804287463231,69.0,72.0,0.5983606557377048,0.191647792637331,1110.1,0.9901294527596727,3.7213495180045144,0.0010793999021984735,-1.4742876056199001,0.021857964943378168,-1.9191301089962773,-3.3715597496727994
Dylan Guenther,UTA,R,79,3.5172579482661965,0.14814814814814814,-0.0038215755347321,61.0,162.0,1.0,0.14814814814814814,1040.5833333333333,0.9374149168577461,3.4795293268476124,-0.003521306666966041,-1.0324618227782338,-0.9525345301825308,-0.9410314539963677,-2.926027806957132
Mackie Samoskevich,FLA,R,77,2.7734479978500404,0.13157894736842105,0.0004032080620061,43.0,114.0,0.839344262295082,0.1272630859936727,930.25,0.8537490746926173,2.7940653810410936,0.00048700793176550603,0.21993833047943412,-0.1036058701187123,-0.4714264389953434,-0.3550939786346216
Adam Erne,DAL,L,45,2.154559736664921,0.018518518518518517,0.0005755910532035,16.0,54.0,0.4950819672131147,0.06204063209024383,445.56666666666666,0.48621337136873266,2.544966121885767,0.0007814160040536416,0.6750635814150404,-0.04125261810635008,0.9951141543329801,1.6289251176416704
Drake Batherson,OTT,R,79,2.5070828255329927,0.08235294117647059,0.0040242541921587,44.0,85.0,0.6729508196721312,0.08966640549662488,1053.0166666666667,0.9468431220322457,2.528735633421639,0.0038622288816021946,0.7047180459047866,0.6112386680996539,0.37394282915507265,1.689899543159513
Dylan Strome,WSH,C,80,3.1214495006876755,0.16161616161616163,-0.0044972698396204,58.0,99.0,0.7532786885245901,0.14757741075552766,1114.8666666666666,0.993744019354722,3.120154332306184,-0.004463027949525884,-0.3758535489308161,-1.1519834922999501,-0.9281983036882298,-2.456035344918996
Tyler Toffoli,SJS,C,79,3.3329097609236302,0.11450381679389313,0.0075623115349741,51.0,131.0,0.9368852459016392,0.11388599249265072,918.1166666666667,0.8445483597234007,3.2678549447129086,0.0065384889164413,-0.6457149628623464,1.1780489294691785,-0.1706396782113264,0.36169428839550566
Juuso Parssinen,NYR,C,20,3.078092342770283,0.21428571428571427,0.0112494646634812,9.0,14.0,0.3,0.1375861528822055,175.43333333333334,0.3,2.9635221691798,0.0040581758985119044,-0.08967344229697438,0.6527386637739713,-0.703542769087624,-0.14047754761062714
Jonny Brodzinski,NYR,C,55,1.9769928897624143,0.07352941176470588,0.0043572530212,19.0,68.0,0.5754098360655737,0.08677046854116971,576.6333333333333,0.5856013143878527,2.365461728179627,0.0029561470209211,1.0030331727601849,0.41933784770507954,0.4390585806596535,1.8614296011249178
Reid Schaefer,NSH,L,47,2.421343696285778,0.09230769230769231,-0.0129067508050946,18.0,65.0,0.5581967213114754,0.09778924277117763,446.03333333333336,0.48656724502139487,2.6745055633717323,-0.005778791693556753,0.4383841508447726,-1.4306516269154705,0.19129912467608878,-0.8009683513946092
Nazem Kadri,COL,C,77,3.123116058168772,0.10526315789473684,-0.0057054129723964,59.0,114.0,0.839344262295082,0.10517507909117055,1133.4833333333333,1.0,3.123116058168772,-0.0057054129723964,-0.38126487063038095,-1.4151106063948837,0.02522704166329599,-1.7711484353619686
Viktor Arvidsson,BOS,L,69,3.7488735355962755,0.1032258064516129,-0.001173820456976,52.0,155.0,1.0,0.1032258064516129,832.25,0.77943560763356,3.5648229455021996,-0.000699603604297407,-1.188300421917419,-0.3549206101455902,0.0690568469264992,-1.47416418513651
Michael Bunting,DAL,L,74,3.3752481800132363,0.13095238095238096,0.0045711587689089,51.0,84.0,0.6672131147540983,0.1222208954763959,906.6,0.8358152635094878,3.2995873360922765,0.003980920589692767,-0.7036927049009777,0.6363766132953482,-0.35805172476226227,-0.4253678163678917
Jack Hughes,NJD,C,61,5.662739558922667,0.4782608695652174,0.0028987038803017,98.0,46.0,0.4491803278688524,0.27250440784784485,1038.3666666666666,0.935734017007601,5.486116143706062,0.0027751519572486107,-4.698664330338974,0.3810045549714513,-3.737208107424867,-8.05486788279239
Taylor Hall,CAR,L,80,3.556726494319117,0.22058823529411764,-0.0008987637158923,60.0,68.0,0.5754098360655737,0.17138956208022468,1012.1666666666666,0.9158665390795673,3.5026870820311387,-0.0007410169501053466,-1.0747729849019063,-0.3636916223252777,-1.4636195342946592,-2.9020841415218435
Evgenii Dadonov,NJD,L,24,3.7932003371733636,0.12,0.0036194398043777,15.0,25.0,0.3286885245901639,0.10973894521138913,237.26666666666668,0.3282593388340224,3.2028882999828596,0.0018438647913505293,-0.5270154509269427,0.1837654544949873,-0.07739244790277397,-0.4206424443347294
John Tavares,TOR,C,82,3.19324181626188,0.11428571428571428,0.0065503245499799,63.0,175.0,1.0,0.11428571428571428,1183.75,1.0,3.19324181626188,0.0065503245499799,-0.5093905156339014,1.1805556210657189,-0.1796275067961519,0.4915375986356656
Rickard Rakell,PIT,R,60,3.16690776869844,0.25842696629213485,0.0004858399415774,45.0,89.0,0.6959016393442623,0.21168338265423187,852.5666666666667,0.7948417498691027,3.1151079565717943,0.0005864403271501608,-0.3666333969712415,-0.08254689181208359,-2.369634564326562,-2.818814853109887
Max Jones,EDM,L,21,2.7420736932305054,0.08,0.0132127745260874,8.0,25.0,0.3286885245901639,0.09659140422778258,175.05,0.3,2.862716574317867,0.004647168857293765,0.09450683914112634,0.7774826156194528,0.21823277624864593,1.090222231009225
Trent Frederic,EDM,C,74,2.610533294658766,0.0743801652892562,0.0098107551364297,35.0,121.0,0.8795081967213114,0.07803525365625824,804.4333333333333,0.7583422102659467,2.6839700451965207,0.007675814860403705,0.4210917482897078,1.418925379129433,0.6354717245002135,2.475488851919354
Jake Neighbours,STL,L,69,2.611185340713877,0.0703125,-0.0095953637890357,38.0,128.0,0.9196721311475409,0.07307597246189244,873.1666666666666,0.8104627439651904,2.668659732241699,-0.00759165954429537,0.44906497490264136,-1.8146023966198577,0.746982205170504,-0.6185552165467123
Mark Stone,VGK,R,60,4.354750912279995,0.13636363636363635,0.0005154715685479,60.0,88.0,0.6901639344262294,0.12655772021335004,826.6833333333333,0.7752144004910898,4.030985414426886,0.0006190355611236794,-2.040018373088904,-0.07564348450209789,-0.45556614107525095,-2.571227998666253
Jaroslav Chmelar,NYR,R,28,0.9463100479726622,0.0,-0.0037747168004214,4.0,24.0,0.32295081967213113,0.07089714552775382,253.61666666666667,0.34065755502193656,2.2439689149901723,-0.0006422389985579497,1.2250107381580986,-0.3427712499379614,0.7959735870262455,1.6782130752463829
Anthony Beauvillier,WSH,R,82,2.066559707973329,0.05263157894736842,0.0044062232792364,39.0,133.0,0.9483606557377049,0.05532112812769629,1132.3166666666666,1.0,2.066559707973329,0.0044062232792364,1.549152247593419,0.7264522881114098,1.14620361414842,3.421808149853249
Zach Benson,BUF,L,65,3.1440423969353524,0.05223880597014925,-5.209790288077658e-05,44.0,134.0,0.9540983606557376,0.0546475452762074,839.6833333333333,0.7850723093866789,3.094690328636445,0.00016891071584597202,-0.32932867728200615,-0.1709762914339597,1.1613492662292344,0.6610442975132685
Jesperi Kotkaniemi,CAR,C,42,4.075521308841252,0.17857142857142858,0.0033798543417164,31.0,56.0,0.5065573770491802,0.14212747545092239,456.3833333333333,0.49441565710365243,3.4884870034012425,0.0021646018125034737,-1.0488282495716943,0.25169496523907786,-0.8056553621569144,-1.6027886464895307
Ryan Poehling,ANA,C,75,2.468312208138759,0.06077348066298342,-0.0053733193741101,37.0,181.0,1.0,0.06077348066298342,899.4,0.8303554985826997,2.5439920550867114,-0.004296159174001251,0.676843283200792,-1.1166420333093197,1.0236063206768413,0.5838075705683137
Arttu Hyry,DAL,R,20,3.4810126582278484,0.12,0.0028729413228785,11.0,25.0,0.3286885245901639,0.10973894521138913,189.6,0.3,3.0843982638170697,0.001545218896331095,-0.3105242111449033,0.12051466585363692,-0.07739244790277397,-0.26740199319404034
Emil Heineman,NYI,L,82,2.4242424242424243,0.09523809523809523,-0.0020854086615818,45.0,147.0,1.0,0.09523809523809523,1113.75,0.9928972502572804,2.427724037624464,-0.002063662856967593,0.8892747083392127,-0.6438173434467653,0.2486622135039696,0.494119578396417
Mats Zuccarello,MIN,R,59,3.4156920455425603,0.14457831325301204,0.0015263694075396,49.0,83.0,0.6614754098360656,0.13108357177632013,860.7333333333333,0.8010345387906908,3.3159563543631188,0.001416903702646582,-0.7336002749730394,0.0933385441303334,-0.557330865326528,-1.197592596169234
Radek Faksa,DAL,C,58,1.867561794324077,0.052083333333333336,-0.0031098412903492,17.0,96.0,0.7360655737704918,0.06597461892436009,546.1666666666666,0.5624984202069077,2.325564204595655,-0.0013221939585623041,1.0759292965561285,-0.48678021901511725,0.9066576329884595,1.4958067105294708
Juho Lammikko,NJD,C,24,1.024400654478196,0.125,0.0218154927511084,4.0,32.0,0.3688524590163934,0.11219711676732816,234.28333333333333,0.32599707512593207,2.2982796704576036,0.007769745114027071,1.12578043014982,1.4388190482474141,-0.13266495233027306,2.431934526066961
Artemi Panarin,LAK,L,78,3.942384498441083,0.208,-0.0081879506749045,85.0,125.0,0.9024590163934425,0.19792547095197008,1293.6333333333334,1.0,3.942384498441083,-0.0081879506749045,-1.8781370641765456,-1.9408920423168647,-2.0602850261956,-5.87931413268901
Elmer Soderblom,PIT,L,59,4.353999053478467,0.09734513274336283,-0.0062753346538804,46.0,113.0,0.833606557377049,0.09857141573195284,633.9,0.629026666907397,3.8199538609063186,-0.0035852105284427185,-1.6544460149973474,-0.9660688519429702,0.17371180114976037,-2.4468030657905575
Adam Fantilli,CBJ,C,82,3.883290799547476,0.2604166666666667,-0.0007680647291835,82.0,96.0,0.7360655737704918,0.21932161345987922,1266.9666666666667,1.0,3.883290799547476,-0.0007680647291835,-1.7701679171430906,-0.36942012349077635,-2.541381790431832,-4.680969831065699
Carter Verhaeghe,FLA,C,77,2.8593248816251715,0.12949640287769784,0.0071503658387419,52.0,139.0,0.9827868852459016,0.12906983623627416,1091.1666666666667,0.9757722931373787,2.8606597261435183,0.007000779837522688,0.09826487336676458,1.2759584130006072,-0.5120515981882812,0.8621716881790906
Anthony Duclair,NYI,L,62,2.2480225727369443,0.09090909090909091,-0.0029745070774623,27.0,77.0,0.6270491803278688,0.09605798330588021,720.6333333333333,0.6947966129236102,2.4514095280069172,-0.0017687394223232294,0.8459993297194589,-0.5813549418495231,0.2302268578644453,0.4948712457343811
Mattias Janmark,EDM,C,43,1.9099590723055935,0.02702702702702703,-0.003291865728436,14.0,74.0,0.6098360655737705,0.05733803799485422,439.8,0.48184050408940726,2.430430385465921,-0.001080329533267943,0.8843299837156279,-0.43555528708307184,1.1008529715974495,1.5496276682300056
Josh Doan,BUF,R,82,3.025063426142882,0.10989010989010989,0.0036253554726705,52.0,182.0,1.0,0.10989010989010989,1031.3833333333334,0.9304385505624062,3.0173669553923457,0.0034410760303458473,-0.1880523853723449,0.5220418955179185,-0.0807914174961239,0.25319809264944965
Nicolas Deslauriers,CAR,L,31,2.2874571101791843,0.15151515151515152,0.0157150133692601,10.0,33.0,0.37459016393442623,0.12224582156770467,262.3,0.3472421326304006,2.6967125039339193,0.00609413372249748,0.3978102068268371,1.08393808809298,-0.3586121931676895,1.1231361017521275
Mark Jankowski,CAR,L,68,3.006072874493927,0.17204301075268819,-0.0074727154898807,33.0,93.0,0.7188524590163934,0.15311388142818708,658.6666666666666,0.6478072471879682,2.973793630957972,-0.004497070446455059,-0.10844026494878668,-1.1591934182155599,-1.052687011169994,-2.320320694334341
Max Shabanov,NYI,R,44,3.618677042801556,0.22058823529411764,0.0068749041977143,31.0,68.0,0.5754098360655737,0.17138956208022468,514.0,0.5381064148626933,3.2933855401630048,0.004150328258348297,-0.692361503282264,0.6722557893464959,-1.4636195342946592,-1.4837252482304273
Maxim Tsyplakov,NJD,R,49,3.851297138272265,0.28888888888888886,-0.0050645998872884,28.0,45.0,0.44344262295081965,0.18638550354711914,436.21666666666664,0.4791232599707512,3.3632999756956448,-0.0019180903396084697,-0.8201010442335788,-0.6129862599427646,-1.800806432060553,-3.2338937362368965
Hendrix Lapierre,WSH,C,74,3.0096402539383966,0.07142857142857142,0.0013731982644699,32.0,70.0,0.5868852459016394,0.08517964994453348,637.95,0.6320977846787152,2.9746087566720414,0.001227139883701797,-0.10992956803390211,0.053148099848248115,0.4748284713792356,0.4180470031935816
Justin Brazeau,PIT,R,64,3.1914893617021276,0.19230769230769232,0.0080784939851876,39.0,52.0,0.48360655737704916,0.14707535508063982,733.2,0.7043259248560131,3.109567331411866,0.005978528301121276,-0.3565102098336995,1.0594537934979222,-0.9169094762481577,-0.21396589258393495
Brayden Point,TBL,C,63,2.2961846225211646,0.12222222222222222,0.011996290011631,33.0,90.0,0.701639344262295,0.11699872974786693,862.3,0.8022225431960568,2.4184577749469587,0.00981676364634236,0.9062049478776014,1.8723610412621714,-0.24063023005255318,2.5379357590872194
Eeli Tolvanen,SEA,R,78,2.5904914905366736,0.05116279069767442,-0.0009862528467856,43.0,215.0,1.0,0.05116279069767442,995.95,0.9035694296495567,2.6217281657002376,-0.000797012881710415,0.5348128854801869,-0.37555110840492806,1.2397047058263435,1.3989664829016024
Rodrigo Abols,PHI,C,42,2.055548758105959,0.08,-0.0001186122254502,14.0,50.0,0.4721311475409836,0.09304623238423929,408.65,0.4582194377742069,2.5208688633598335,0.0004745330482709647,0.7190912949885959,-0.1062479496932109,0.29794671075621454,0.9107900560515996
Connor McMichael,WSH,L,78,3.020641047155563,0.07547169811320754,-0.0090557980326822,50.0,159.0,1.0,0.07547169811320754,993.1666666666666,0.9014588260783214,3.0101739661230207,-0.008067233662542549,-0.17491019034021385,-1.9153251540332532,0.6931138100418315,-1.3971215343316354
Sean Monahan,CBJ,C,78,2.520798252780047,0.08791208791208792,-0.0077444024490267,42.0,182.0,1.0,0.08791208791208792,999.6833333333333,0.9064004188708541,2.557641145800364,-0.006928158180673099,0.6519052490325714,-1.6740781663739035,0.41338902900401603,-0.608783888337316
Danton Heinen,CBJ,L,46,2.5294432548179873,0.052083333333333336,0.0067874775459673,21.0,96.0,0.7360655737704918,0.06597461892436009,498.1333333333333,0.5260747106721794,2.7118937858977836,0.004033363783643542,0.3700727306626884,0.6474836582324367,0.9066576329884595,1.9242140218835846
Oskar Bck,DAL,C,72,3.0081470649676207,0.1111111111111111,0.0030880340098774,36.0,90.0,0.701639344262295,0.10920273703384144,718.05,0.6928376694892302,2.979357845895601,0.0024393566177062583,-0.11860655258984715,0.3098858140064644,-0.0653356942575856,0.12594356715903166
Ben Jones,MIN,C,28,2.3073636234154677,0.06976744186046512,0.0030707485952632,9.0,43.0,0.43196721311475406,0.08961875087786184,234.03333333333333,0.325807499954863,2.7166369287687733,0.0016586162698813485,0.36140661059190765,0.14453131375179268,0.375014353280477,0.8809522776241774
Connor Zary,CGY,C,74,2.360569742450184,0.08661417322834646,-0.0068936724222395,36.0,127.0,0.9139344262295082,0.08817202372055737,915.0333333333333,0.8422102659468826,2.4479617324157052,-0.00565188813477106,0.8522987416042874,-1.4037744780630923,0.40754431768198435,-0.14393141877682053
Adam Lowry,WPG,C,70,2.2508099505503876,0.06756756756756757,-0.0035458753340231,33.0,222.0,1.0,0.06756756756756757,879.6833333333333,0.8154043367577228,2.3733096107427083,-0.002711120761626293,0.9886944327215872,-0.7809436986544069,0.8708398477237405,1.0785905817909207
Lucas Raymond,DET,L,80,3.19511130510694,0.06111111111111111,-0.0051841163777384,61.0,180.0,1.0,0.06111111111111111,1145.5,1.0,3.19511130510694,-0.0051841163777384,-0.5128062286416978,-1.304704197741508,1.0160146290416872,-0.8014957973415184
Garnet Hathaway,PHI,R,66,3.084065660752777,0.09523809523809523,0.0015305320033604,31.0,105.0,0.7877049180327869,0.09724997688894367,603.1,0.6056710058316933,3.0171697206900023,0.001311940850095074,-0.18769202101918858,0.07110825966083945,0.20342463145423134,0.0868408700958822
Sebastian Aho,CAR,C,79,4.1895078553272285,0.2336448598130841,0.0046849688933989,76.0,107.0,0.7991803278688524,0.20775319002174503,1088.4333333333334,0.9736996046003574,4.155972558084491,0.004587426673534632,-2.268380373497028,0.7648297035890506,-2.281263356403659,-3.7848140263116363
James van Riemsdyk,DET,L,72,2.95659315442402,0.07339449541284404,-0.0149254185318104,34.0,109.0,0.810655737704918,0.079324836639463,689.9833333333333,0.6715546969505479,2.9427417987530218,-0.009702608256629497,-0.0517059616344767,-2.2616842854497303,0.6064751799032339,-1.7069150671809732
Pavel Dorofeyev,VGK,R,82,2.9695842582038514,0.10743801652892562,0.0104654220608368,55.0,121.0,0.8795081967213114,0.10710990478754126,1111.2666666666667,0.9910141368913281,2.969088565717634,0.010380153165454181,-0.09984371590468877,1.9916823913640198,-0.018277921043929262,1.8735607544154018
Michael Rasmussen,DET,C,64,2.3731627520875045,0.017391304347826087,-0.0145840234381725,27.0,115.0,0.8450819672131147,0.03091930590464044,682.6333333333333,0.6659811869211185,2.5539530781330697,-0.009386617744460066,0.6586436581640822,-2.194760046974596,1.6948837189215284,0.15876733011101485
Sidney Crosby,PIT,C,68,3.604185505748611,0.0970873786407767,0.0011873724406166,62.0,103.0,0.7762295081967212,0.09879419559462879,1032.1333333333334,0.9310072760756134,3.556596750601744,0.001172802733704601,-1.1732704734903927,0.0416399303164943,0.1687025490833763,-0.9629279940905221
Andrew Mangiapane,CHI,L,62,2.857402031930334,0.08888888888888889,0.006032770722086,35.0,90.0,0.701639344262295,0.09361075160579044,734.9333333333333,0.7056403127087583,2.8741860192873916,0.004544318673544375,0.07355120066372685,0.7556997773399131,0.28525337733234984,1.11450435533599
Bryan Rust,PIT,R,72,3.5429640863476495,0.14960629921259844,0.0011599643172694,61.0,127.0,0.9139344262295082,0.14574269623895159,1033.0333333333333,0.9316897466914618,3.500028126102799,0.00114741098860443,-1.0699148492807249,0.03626216377307191,-0.8869443619136455,-1.9205970474212983
Teddy Blueger,VAN,C,35,3.1368343443144875,0.08333333333333333,-0.0034155684007382,26.0,96.0,0.7360655737704918,0.08897666810468795,497.31666666666666,0.5254554317800205,3.031289141473339,-0.0013314809343715444,-0.2134893876949139,-0.48874712548804694,0.38945171947541596,-0.3127847937075449
William Nylander,TOR,R,65,3.3588803732089305,0.11607142857142858,-0.0055792993175692,56.0,112.0,0.8278688524590163,0.11411661839023789,1000.3333333333334,0.9068933143156335,3.317498202970244,-0.0049689389687084555,-0.7364173617704952,-1.259131360324604,-0.17582535002283398,-2.171374072117933
Reilly Smith,VGK,R,69,4.007792930698581,0.20430107526881722,0.0041285601227121,56.0,93.0,0.7188524590163934,0.1763026704287159,838.3666666666667,0.7840738801523823,3.7717053000790877,0.003447882153257673,-1.5662918453372818,0.5234833773830381,-1.5740918088145825,-2.6169002767688263
Nic Dowd,VGK,C,75,2.536104262064107,0.05263157894736842,0.0013623032949258,38.0,209.0,1.0,0.05263157894736842,899.0166666666667,0.8300648166537272,2.6003935295659586,0.001296689910906806,0.5737930561043755,0.0678782339103886,1.2066786931226623,1.8483499831374264
Michael Misa,SJS,C,45,2.914224654340576,0.05,-0.0025560552108278,25.0,60.0,0.5295081967213114,0.07574291774518263,514.7166666666667,0.5386498636864245,2.914315084444384,-0.0009264510949196648,0.00023203098286037557,-0.4029650765938413,0.6870153795751096,0.2842823339641287
Blake Lizotte,PIT,C,55,2.8516798688882816,0.04522613065326633,0.0022641340001111,29.0,199.0,1.0,0.04522613065326633,610.1666666666666,0.6110296640005777,2.8760841779043353,0.001763163934195255,0.07008310557672612,0.1666736647057056,1.3731917554980069,1.6099485257804387
Charlie Coyle,CBJ,C,82,2.5790375330945334,0.06048387096774194,-0.0090232770162559,46.0,248.0,1.0,0.06048387096774194,1070.1666666666667,0.9598479787675807,2.592503843776479,-0.008621778003576754,0.5882081741457377,-2.0327731668536835,1.0301182555838282,-0.4144467371241176
Dawson Mercer,NJD,C,82,3.58417841243653,0.10824742268041238,-0.0067818260332362,70.0,194.0,1.0,0.10824742268041238,1171.8166666666666,1.0,3.58417841243653,-0.0067818260332362,-1.2236644843210325,-1.6430861993543537,-0.04385525010307231,-2.9106059337784584
Aatu Rty,VAN,C,66,2.343205169928867,0.04712041884816754,0.0118052782962287,28.0,191.0,1.0,0.04712041884816754,716.9666666666667,0.6920161770812645,2.519130302184708,0.008470095823716496,0.722267792155946,1.5871476723877287,1.3305982870369988,3.6400137515806734
Anthony Mantha,PIT,R,81,4.28642301967918,0.42,-0.0056679985202003,72.0,50.0,0.4721311475409836,0.2535708225481737,1007.8333333333334,0.9125805694477043,4.1664833552227085,-0.005087166906251632,-2.287584481936715,-1.2841710826638633,-3.311482459930448,-6.8832380245310265
Jason Dickinson,EDM,C,63,2.551123709252885,0.0761904761904762,0.0080433795731166,37.0,210.0,1.0,0.0761904761904762,823.1666666666666,0.7725477097513855,2.6337564341536903,0.006435932256178542,0.5128362296010743,1.1563282570935534,0.6769519338040908,2.3461164204987184
Ryan Hartman,MIN,R,76,3.0949292630689875,0.12686567164179105,0.0008455304360369,57.0,134.0,0.9540983606557376,0.12584891547439678,1105.0333333333333,0.9862873959593406,3.092454020154359,0.0008473221874542409,-0.3252427540137874,-0.027294220733574848,-0.4396285174470819,-0.7921654921944441
Noel Acciari,PIT,C,67,1.492777995346587,0.023809523809523808,-0.0004180577712638,18.0,252.0,1.0,0.023809523809523808,723.4833333333333,0.696957769873797,1.9235957607683498,4.459697669111724e-06,1.8103593766994857,-0.20580568894462217,1.854748664629425,3.459302352384288
Ryan Lomberg,CGY,L,57,2.1146064482443547,0.1320754716981132,-0.00492677342125,18.0,53.0,0.489344262295082,0.11810364504479573,510.73333333333335,0.5356292992940581,2.486016737076774,-0.0021856078395823134,0.7827690545050384,-0.6696443059125808,-0.2654744828850936,-0.15234973429263604
Tyson Kozak,BUF,C,46,3.677489967165268,0.0782608695652174,-0.0052331822542814,28.0,115.0,0.8450819672131147,0.08235907782196047,456.8333333333333,0.49475689241157667,3.2919544622465406,-0.002095937194523707,-0.6897468038325437,-0.650652787487168,0.5382496287660489,-0.8021499625536629
Josh Dunne,BUF,C,34,2.857596443879981,0.109375,0.0145253729684695,15.0,64.0,0.5524590163934426,0.10728941975841243,314.95,0.38716666365753694,2.892420221637054,0.006221985028888389,0.04023578275304584,1.1110159622339446,-0.022314352918794328,1.128937392068196
Kasperi Kapanen,EDM,R,41,2.6699629171817056,0.10714285714285714,0.0015961870389323,24.0,56.0,0.5065573770491802,0.10594480566169522,539.3333333333334,0.5573166988643544,2.778180280510825,0.0013217269161232028,0.24896174222899561,0.07318086941137761,0.007919577839422959,0.33006218947979615
Ryan Greene,CHI,C,80,2.414223331253899,0.08333333333333333,-0.0158163333989226,43.0,180.0,1.0,0.08333333333333333,1068.6666666666667,0.9587105277411667,2.4348762152396124,-0.015122978763471023,0.8762070796241843,-3.409674982806317,0.5163432886915456,-2.017124614490587
Zachary Aston-Reese,CBJ,L,27,2.466767164588187,0.11904761904761904,-0.0009802783110379,10.0,42.0,0.4262295081967213,0.11082393483709273,243.23333333333332,0.33278386625020306,2.7654488032014863,0.00032511224682995357,0.27222321970123753,-0.1378940686862463,-0.10178866782713308,0.032540483187858155
Matt Savoie,EDM,C,82,2.824990817110228,0.14893617021276595,0.0051959989630651,47.0,94.0,0.7245901639344262,0.1367572008150827,998.2333333333333,0.9053008828786537,2.833459744864504,0.004796387253265645,0.14796152179130298,0.809085866768793,-0.6849036075166869,0.2721437810434091
Cody Glass,NJD,C,70,2.399294325198471,0.09090909090909091,0.0004054263441462,34.0,176.0,1.0,0.09090909090909091,850.25,0.7930850199505297,2.505881681772335,0.0005235269290276622,0.7464741334761823,-0.09587144143328746,0.3460007862994516,0.9966034783423465
Tyson Jost,NSH,C,69,2.4763679936093728,0.10112359550561797,0.0034173097679525,31.0,89.0,0.6959016393442623,0.1022157090495164,751.1,0.7178995071045552,2.599942868464868,0.0027286700884841704,0.5746164517556362,0.37116007056397843,0.09176909945203807,1.0375456217716528
Ryan Reaves,SJS,R,50,2.9380181263691423,0.0625,0.0097823843694705,19.0,48.0,0.460655737704918,0.08526837072188669,388.01666666666665,0.44257316698864346,2.924864268886886,0.004873578117924278,-0.019042214283223884,0.825434268494685,0.4728335660410713,1.2792256202525325
Bobby Brink,MIN,R,68,2.3972602739726026,0.10344827586206896,-0.0091976299515274,35.0,87.0,0.6844262295081966,0.10384799309253916,876.0,0.8126112625706392,2.4941703069229004,-0.007291169739175891,0.7678717981469803,-1.7509610827111033,0.055066849449618406,-0.9280224351145047
Jaden Schwartz,SEA,L,50,3.9205754229561345,0.06557377049180328,-0.0006163350356306,43.0,122.0,0.8852459016393441,0.07006537692659491,658.0666666666667,0.6473522667774025,3.56575722871934,-5.4732928744808047e-05,-1.1900074357603656,-0.21834220916764288,0.8146760789573461,-0.5936735659706623
Patrick Kane,DET,R,67,3.8145866633142367,0.15447154471544716,-0.0022809275679954,59.0,123.0,0.8909836065573771,0.14904725609756098,928.0166666666667,0.852055536497734,3.6814120878100303,-0.0017990543172247317,-1.4013185690975802,-0.5877753917605286,-0.9612480853354838,-2.9503420461935925
Nick Bjugstad,NJD,C,61,2.0594404641913426,0.08411214953271028,0.0023002539476237,21.0,107.0,0.7991803278688524,0.08824958959275775,611.8166666666667,0.6122808601296332,2.3909326527251586,0.0017868909510184575,0.9564956560905009,0.1716988552447434,0.4058002327322337,1.533994744067478
Troy Terry,ANA,R,61,2.9750866725792147,0.10101010101010101,0.00597053541172,41.0,99.0,0.7532786885245901,0.10192415690555251,826.8666666666667,0.7753534222832071,2.961458261865176,0.004848573930103546,-0.08590251042964848,0.8201385834530581,0.09832471072707596,0.8325607837504856
Ivan Demidov,MTL,R,82,3.578591234893008,0.2857142857142857,-0.0043163114663948,57.0,70.0,0.5868852459016394,0.21094077406631334,955.6833333333333,0.8730351887627059,3.4942649440111144,-0.0036443493820134017,-1.0593850319518427,-0.9785939835120735,-2.352936854044927,-4.390915869508843
Quinton Byfield,LAK,R,79,3.0652838458424645,0.0845771144278607,0.0014361676298571,61.0,201.0,1.0,0.0845771144278607,1194.0166666666667,1.0,3.0652838458424645,0.0014361676298571,-0.27560056541958344,0.09741848833420584,0.4883766091943359,0.3101945321089583
Elias Pettersson,VAN,C,74,3.0688524590163935,0.10714285714285714,0.0020500282422621,118.0,168.0,1.0,0.10714285714285714,1016.6666666666666,0.9192788921588098,3.0563865536153583,0.0019633472332486056,-0.2593444658581467,0.2090708707249872,-0.019018861683606284,-0.06929245681676577
Tom Wilson,WSH,R,72,4.237317048207157,0.14457831325301204,-0.0043562409543699,69.0,166.0,1.0,0.14457831325301204,977.0333333333333,0.8892249083720005,4.090773080277344,-0.0037655398730083965,-2.149255455990369,-1.004261150746256,-0.8607629655867064,-4.014279572323332
Kyle Palmieri,NYI,C,25,2.2438061600789485,0.046511627906976744,0.0110731622505806,12.0,43.0,0.43196721311475406,0.07957300173565825,320.8833333333333,0.39166591438424175,2.6517638224683355,0.004930832910243666,0.47993521996664823,0.8375603711068182,0.6008951355222539,1.9183907265957205
Calle Jarnkrok,TOR,C,56,2.065997130559541,0.044642857142857144,-0.0024510117936102,18.0,112.0,0.8278688524590163,0.054983128928879584,522.75,0.5447415458501091,2.4522491178652692,-0.0008907469270455087,0.8444653285897038,-0.3954032221920703,1.1538035972203706,1.602865703618004
Justin Kirkland,CGY,C,20,4.746931737498732,0.36363636363636365,-0.0253886679281567,13.0,22.0,0.3114754098360656,0.18536257745705548,164.31666666666666,0.3,3.4641739875983344,-0.006933263878979465,-1.004406329346713,-1.675159512040555,-1.7778057237879974,-4.457371565175265
Samuel Helenius,LAK,C,53,2.0026224818214327,0.02857142857142857,0.003223773873969,14.0,35.0,0.3860655737704918,0.07531853455359712,419.45,0.4664090851643887,2.4891497091760852,0.0020244862060368124,0.7770448515599621,0.22201961139100068,0.6965577248923818,1.6956221878433446
Mark Scheifele,WPG,C,82,4.365806036939571,0.23931623931623933,0.0063718392314336,102.0,117.0,0.8565573770491803,0.22000867191360074,1374.3166666666666,1.0,4.365806036939571,0.0063718392314336,-2.651763748632077,1.1427538720806159,-2.5568304442629786,-4.06584032081444
Sean Couturier,PHI,C,78,3.7346858121459627,0.11574074074074074,0.0069278861399283,63.0,216.0,1.0,0.11574074074074074,1012.1333333333333,0.9158412623900913,3.665653332958791,0.006426999326883841,-1.3725260015065595,1.154436334813053,-0.21234408265241125,-0.4304337493459176
Auston Matthews,TOR,C,60,2.7135044173327727,0.11904761904761904,-0.0103812377534374,43.0,126.0,0.9081967213114754,0.11773182957393483,950.8,0.8693321537544909,2.739757710849607,-0.008897186476766926,0.3191630014296442,-2.091102457221646,-0.25711413382413423,-2.029053589616136
Seth Jarvis,CAR,C,71,2.8578989150568934,0.18947368421052632,0.0090528096265755,45.0,95.0,0.730327868852459,0.16661660555076216,944.75,0.8647444346146207,2.8655437964660098,0.007960402548755326,0.08934126701543048,1.4791987531354192,-1.3562986029017317,0.21224141724911805
Parker Kelly,COL,C,82,2.8046666536820988,0.11965811965811966,0.0004118566998268,40.0,117.0,0.8565573770491803,0.1175146267966048,855.7166666666667,0.7972303970245724,2.826921431227838,0.0005262873527425107,0.159907569502058,-0.09528680598421459,-0.25223028369470235,-0.18760952017685895
Jake Guentzel,TBL,C,81,2.7025833517332747,0.12307692307692308,0.001147501438552,51.0,130.0,0.9311475409836065,0.12181265348111768,1132.25,1.0,2.7025833517332747,0.001147501438552,0.38708367521471265,0.03628132034147543,-0.34887231763870735,0.07449267791748071
Noah Gregor,FLA,L,37,1.8171722780273585,0.06666666666666667,0.009986732663021,10.0,45.0,0.44344262295081965,0.08784269844693701,330.18333333333334,0.39871811074800945,2.476927861853992,0.004568859553366152,0.7993751922772575,0.7608973374891294,0.41494926572163204,1.975221795488019
Adrian Kempe,LAK,R,81,2.7003375421927744,0.11627906976744186,0.0010495533642943,54.0,129.0,0.9254098360655738,0.1154164973647424,1199.85,1.0,2.7003375421927744,0.0010495533642943,0.39118695771398493,0.015536709261862503,-0.20505340214959758,0.20167026482624986
Macklin Celebrini,SJS,C,82,5.168636673061452,0.2782608695652174,0.000385494079469,116.0,115.0,0.8450819672131147,0.2513754712645834,1346.5833333333333,1.0,5.168636673061452,0.000385494079469,-4.118602694531649,-0.12510568418901025,-3.262119524601955,-7.505827903322614
Casey Cizikas,NYI,C,81,3.231795646053088,0.14166666666666666,-0.0033506850012394,44.0,120.0,0.8737704918032787,0.13700226488352027,816.8833333333333,0.7677830537851841,3.158095797429506,-0.0023459101408902635,-0.4451757897663407,-0.7035950386962724,-0.6904139246363408,-1.8391847530989538
Zemgus Girgensons,TBL,C,74,2.25325917845455,0.0374331550802139,0.0027941117185739,35.0,187.0,1.0,0.0374331550802139,931.9833333333333,0.8550634625453626,2.349085635188537,0.0025306291638926563,1.0329536689398515,0.3292166021534707,1.5484184502436429,2.910588721336965
Beckett Sennecke,ANA,R,82,4.097952446676817,0.09722222222222222,-0.0110052507276393,80.0,144.0,1.0,0.09722222222222222,1171.3166666666666,1.0,4.097952446676817,-0.0110052507276393,-2.1623727608960457,-2.537573440409405,0.2040487009727068,-4.495897500332744
Mason Appleton,DET,C,65,1.6304699462980137,0.05042016806722689,-0.0117873778981797,21.0,119.0,0.8680327868852458,0.057585294147857596,772.7833333333333,0.7343419936086084,1.9715617348552748,-0.008396632567820158,1.7227215167286938,-1.9850891818798455,1.0952933649953038,0.8329256998441521
Landon Slaggert,CHI,L,52,1.337566709450787,0.028985507246376812,0.0074960831516861,12.0,69.0,0.5811475409836065,0.06070495476485226,493.43333333333334,0.5225106974560817,2.0904976054785314,0.004382906305109946,1.5054156999783475,0.7215139413039566,1.0251471399083965,3.2520767811907003
Connor Bedard,CHI,C,68,3.285900255869282,0.15463917525773196,0.0012940090788714,62.0,97.0,0.7418032786885246,0.1417488942431709,1113.85,0.992973080325708,3.2832898986321246,0.0012917758248624665,-0.6739159189771229,0.0668374701733357,-0.7971428840790289,-1.4042213328828161
Tage Thompson,BUF,C,81,2.9049222293330366,0.05917159763313609,0.0019075212324458,58.0,169.0,1.0,0.05917159763313609,1197.9666666666667,1.0,2.9049222293330366,0.0019075212324458,0.01739356552154085,0.19724737461686112,1.0596249975041996,1.2742659376426015
Zack Ostapchuk,SJS,C,59,2.080457186887983,0.052083333333333336,0.0056819772092601,18.0,96.0,0.7360655737704918,0.06597461892436009,519.1166666666667,0.5419863866972394,2.462423813415924,0.0035266648958326464,0.8258753059562053,0.5401689259952878,0.9066576329884595,2.2727018649399526
Mika Zibanejad,NYR,C,81,4.057269274116124,0.15950920245398773,-0.0001600213656384,81.0,163.0,1.0,0.15950920245398773,1197.85,1.0,4.057269274116124,-0.0001600213656384,-2.088041190487817,-0.24064144977130617,-1.1964871494719003,-3.5251697897310237
Mavrik Bourque,DAL,C,82,2.5742054110848436,0.07339449541284404,0.0085017914624274,49.0,109.0,0.810655737704918,0.079324836639463,1142.1,1.0,2.5742054110848436,0.0085017914624274,0.6216409462814265,1.5938605526864034,0.6064751799032339,2.8219766788710636
Luke Evangelista,NSH,R,81,2.5536442631672283,0.09649122807017543,0.0042305516264672,48.0,114.0,0.839344262295082,0.09781241012366983,1127.8,1.0,2.5536442631672283,0.0042305516264672,0.6592078890224872,0.6892464508141709,0.19077820188284256,1.5392325417195007
Pius Suter,STL,C,64,2.2922400690136793,0.047244094488188976,0.0074565995403805,31.0,127.0,0.9139344262295082,0.05219035339656098,811.4333333333333,0.7636503150558793,2.439292257139954,0.005924957968771341,0.8681386004771557,1.0481080297508862,1.216599742429253,3.132846372657295
Connor McDavid,EDM,C,82,4.608013528113109,0.22321428571428573,-0.0026637451503462,109.0,112.0,0.8278688524590163,0.20281685258227536,1419.2666666666667,1.0,4.608013528113109,-0.0026637451503462,-3.0942971611064323,-0.7709099268001615,-2.1702687708876414,-6.035475858794236
Nick Foligno,MIN,L,53,2.87725554086871,0.06796116504854369,0.0034992051334907,26.0,103.0,0.7762295081967212,0.0761855691422971,542.1833333333333,0.5594778558145412,2.893627601574056,0.0023877632993486533,0.03802979828458172,0.29895876585624487,0.6770622698144274,1.0140508339552539
Matty Beniers,SEA,C,82,3.4726222853391566,0.13529411764705881,-0.0050314760224382,72.0,170.0,1.0,0.13529411764705881,1244.0166666666667,1.0,3.4726222853391566,-0.0050314760224382,-1.0198420783020032,-1.2723762032428547,-0.6520058747742269,-2.9442241563190845
Oliver Kapanen,MTL,C,82,2.027526488084762,0.14772727272727273,0.0022380740827736,32.0,88.0,0.6901639344262294,0.13440049219546632,946.9666666666667,0.8664253344647661,2.145993081293314,0.0020695190062446052,1.4040208084734933,0.23155719478114206,-0.6319125185516569,1.0036654847029784
Will Smith,SJS,C,69,4.642796538265739,0.19540229885057472,0.001413938647076,76.0,87.0,0.6844262295081966,0.1667837383346722,982.1666666666666,0.8931175185512845,4.458063436184596,0.0013671515197568062,-2.8203257593118294,0.08280143360282313,-1.3600566186986067,-4.097580944407612
Tommy Novak,PIT,C,82,2.694954128440367,0.1566265060240964,0.006337011532328,47.0,83.0,0.6614754098360656,0.13905315502735707,1046.4,0.9418256991712857,2.7077214408305563,0.0060251497786445556,0.3776959552445314,1.0693278459130091,-0.7365286208550231,0.7104951803025173
Cole Perfetti,WPG,C,68,3.4194661445713064,0.15126050420168066,0.0069621113901774,49.0,119.0,0.8680327868852458,0.14511801215309245,859.7833333333333,0.8003141531406286,3.318615710522722,0.005766808606423543,-0.7384591418503262,1.014613272051391,-0.8728982088621967,-0.596744078661132
Matt Coronato,CGY,R,80,2.608120452326204,0.08484848484848485,-0.0101803996491198,47.0,165.0,1.0,0.08484848484848485,1058.2333333333333,0.9507989239352193,2.62319075244828,-0.009631483187201955,0.5321406167509463,-2.2466205701652124,0.4822747882131265,-1.2322051652011394
Pontus Holmberg,TBL,R,70,3.0042281729842,0.04678362573099415,0.0015425214024178,45.0,171.0,1.0,0.04678362573099415,898.7333333333333,0.8298499647931825,2.9889474225451504,0.0014461609449784366,-0.13612751388773275,0.09953499176890043,1.3381711511095418,1.3015786289907094
Ben Kindel,PIT,C,77,4.679570505172813,0.21212121212121213,-0.0005477459032594,73.0,99.0,0.7532786885245901,0.1856217889638403,935.9833333333333,0.8580966652824669,4.429089856748221,-0.00033149360728238034,-2.767388598213087,-0.27695788570750474,-1.7836341490343182,-4.82798063295491
Brandon Duhaime,WSH,L,82,2.013756526062816,0.04526748971193416,0.0042873545734753,27.0,243.0,1.0,0.04526748971193416,804.4666666666667,0.7583674869554227,2.2313862656563055,0.003487270764461055,1.2480002944294801,0.5318255671256407,1.3722617883653991,3.15208764992052
William Carrier,CAR,L,70,1.4580801944106927,0.045112781954887216,-0.0002512809336729,18.0,133.0,0.9483606557377049,0.04819059688154813,740.7,0.7100131799880838,1.8803997366831382,0.00010467090875348361,1.8892821377220048,-0.18458176376266422,1.3065351088811337,3.0112354828404744
Casey Mittelstadt,BOS,C,71,4.235370775941647,0.10365853658536585,0.000589615507058,65.0,164.0,1.0,0.10365853658536585,920.8166666666667,0.8465957715709462,4.032731443565365,0.0006489184357825755,-2.043208514852014,-0.06931453298939487,0.059326818859098844,-2.05319622898231
Collin Graf,SJS,R,81,2.8458498023715415,0.0975609756097561,0.0001119501193376,50.0,123.0,0.8909836065573771,0.09834087198453952,1054.1666666666667,0.9477151678191633,2.8494350184799586,0.00015713701784641034,0.118773356247763,-0.17346986558353542,0.17889562579733162,0.1241991164615592
Gage Goncalves,TBL,C,74,3.8271962887793562,0.21951219512195122,0.0015842819168664,55.0,82.0,0.6557377049180327,0.17999181906184894,862.25,0.802184628161843,3.6466352395964785,0.0014639929771460864,-1.3377783489314787,0.10331167216696309,-1.6570430917166643,-2.89150976848118
Jonatan Berggren,STL,R,51,3.5980116251545198,0.13253012048192772,0.0109364067540772,38.0,83.0,0.6614754098360656,0.12311398852528319,633.6833333333333,0.6288623684258038,3.3443052956872266,0.007239797353409212,-0.7853961698209163,1.3265803925122803,-0.3781331097980329,0.16305111289333113
Brad Marchand,FLA,L,52,3.8991916310033283,0.15217391304347827,-0.0033662970122719,41.0,92.0,0.7131147540983607,0.13855862593940305,630.9,0.6267517648545686,3.5316276063726697,-0.0017454695328421917,-1.1276497515683788,-0.5764265671897042,-0.7254090303051176,-2.4294853490632007
Drew O'Connor,VAN,L,82,3.317656031524088,0.1271186440677966,-0.0023117074781263,58.0,118.0,0.862295081967213,0.12403354001842617,1048.9333333333334,0.9437467275714517,3.2949727226663876,-0.0021267522043485515,-0.6952614189126123,-0.6571791576999098,-0.3988094185175208,-1.7512499951300429
Marco Kasper,DET,C,81,3.089280197713933,0.07042253521126761,0.0004734071906915,50.0,142.0,1.0,0.07042253521126761,971.1,0.8847256576452958,3.0691233802156477,0.0005313657246658163,-0.28261571693386894,-0.0942112478248022,0.8066452998104657,0.42981833505179456
Mathieu Olivier,CBJ,R,61,1.7368321691523505,0.04895104895104895,0.0098882036596105,23.0,143.0,1.0,0.04895104895104895,794.55,0.7508476718363513,2.0302310848136065,0.0076677559532644275,1.6155276908114333,1.417218567682674,1.2894361841633555,4.322182442657462
Isaac Howard,EDM,L,29,3.5843973292725786,0.3157894736842105,0.01365369347106,17.0,19.0,0.3,0.1680372807017544,284.56666666666666,0.36412696120028165,3.1583772326076396,0.005592413993404618,-0.4456899954548865,0.9776779014596327,-1.3882427824621608,-0.8562548764574146
Ryan McLeod,BUF,C,81,4.528228862621148,0.16580310880829016,-0.0026073198676976,78.0,193.0,1.0,0.16580310880829016,1033.5166666666667,0.9320562586888619,4.418580695998561,-0.0023638424605938184,-2.7481874795926218,-0.7073929591844977,-1.338006957556066,-4.793587396333185
Brady Tkachuk,OTT,L,60,2.2919868276619098,0.07291666666666667,0.0031712996640734,29.0,96.0,0.7360655737704918,0.081309318377912,759.1666666666666,0.7240164659577155,2.4637683181325927,0.0025654869210797945,0.8234187830077517,0.33659919360751267,0.5618536906464304,1.721871667261695
David Pastrnak,BOS,R,77,5.382409307762359,0.16541353383458646,-0.0001787545247439,110.0,133.0,0.9483606557377049,0.16227909681991864,1226.2166666666667,1.0,5.382409307762359,-0.0001787545247439,-4.509183237971757,-0.24460898157712477,-1.2587688068422858,-6.012561026391168
Yanni Gourde,TBL,C,82,3.5524397248773876,0.04411764705882353,0.0010070028430546,67.0,204.0,1.0,0.04411764705882353,1131.6166666666666,1.0,3.5524397248773876,0.0010070028430546,-1.1656752386335767,0.0065248525097835455,1.398116242250619,0.23896585612682597
Morgan Barron,WPG,C,65,2.801897117840204,0.06748466257668712,-0.0020747250224503,33.0,163.0,1.0,0.06748466257668712,685.25,0.6679654070449743,2.839258828421838,-0.0010617140349102388,0.1373661094718209,-0.43161267487338467,0.8727039838799133,0.5784574184783495
Cole Caufield,MTL,R,81,2.56631122464134,0.08130081300813008,-0.0037754989477483,48.0,123.0,0.8909836065573771,0.08385333366653337,1122.2333333333333,0.9993301677288893,2.5665443995791826,-0.003772316109800166,0.6356382572158616,-1.005696302972514,0.5046509718352792,0.13459292607862694
Alexandre Texier,MTL,L,51,2.1214475129242225,0.08108108108108109,-0.0045115410496685,22.0,74.0,0.6098360655737705,0.09030214964749046,622.2166666666667,0.6201671872461046,2.422644736176016,-0.002427118830560883,0.8985550183415035,-0.7207943833109476,0.3596479882158482,0.5374086232464041
Erik Gudbranson,CBJ,D,37,3.224810032742324,0.2916666666666667,-0.0024102509351656,29.0,72.0,0.5983606557377048,0.2956099829478215,539.5666666666667,0.5574936356906856,3.2350812013542303,-0.0009749426416963015,0.02539703599613509,-0.30481972369818333,0.0796701727071501,-0.19975251499489816
Jacob Bryson,WPG,D,50,1.9400855920114124,0.17142857142857143,-0.0032329703607072,17.0,70.0,0.5868852459016394,0.2251566850367288,525.75,0.5470164479029375,2.5325589908890613,-0.001391000019835364,1.4042020130249708,-0.3749540623657814,0.9082505216633624,1.937498472322552
Jalen Chatfield,CAR,D,72,3.0182963934603575,0.2740740740740741,0.0065418383644378,62.0,135.0,0.9598360655737705,0.2751749934374658,1232.4833333333333,1.0,3.0182963934603575,0.0065418383644378,0.45086966535314177,0.9622758560806514,0.32000002583587256,1.7331455472696657
Kyle Capobianco,DAL,D,33,2.964632454923717,0.32142857142857145,0.0060348028335093,19.0,28.0,0.34590163934426227,0.3083833305431266,384.53333333333336,0.43993175293841513,3.123349593081305,0.0031216269680140346,0.24468703890741467,0.3857345495318526,-0.07055338135859276,0.5598682070806744
K'Andre Miller,CAR,D,72,3.0503604189947566,0.3028169014084507,-0.0003131443193042,69.0,142.0,1.0,0.3028169014084507,1357.2166666666667,1.0,3.0503604189947566,-0.0003131443193042,0.3879392165618702,-0.19326110195254942,-0.005088258623385527,0.18958985598593525
Travis Sanheim,PHI,D,81,3.537491361437457,0.2796610169491525,0.0090216272720144,91.0,236.0,1.0,0.2796610169491525,1543.4666666666667,1.0,3.537491361437457,0.0090216272720144,-0.5681281616638086,1.3802911688868575,0.26724123331731964,1.0794042405403685
Ilya Lyubushkin,DAL,D,53,3.4566688252238573,0.4186046511627907,0.0048511996796475,43.0,86.0,0.6786885245901639,0.3809726731037141,746.3833333333333,0.7143228555437195,3.3970630186974393,0.0037033881353820837,-0.2925165226273124,0.4838013953076545,-0.9242551181495935,-0.7329702454692515
Yan Kuznetsov,CGY,D,57,3.4627439924376855,0.2647058823529412,-0.0088172350018875,58.0,136.0,0.9655737704918033,0.2659720390398312,1004.9833333333333,0.9104194124975173,3.44350901461002,-0.00795273109445801,-0.3836737406815626,-1.4810579163382231,0.42823324404295976,-1.4364984129768261
Trevor van Riemsdyk,WSH,D,68,2.784988567793842,0.2222222222222222,0.0019013898162834,45.0,126.0,0.9081967213114754,0.22949877934461782,969.4833333333333,0.8834997382057159,2.8389320115631165,0.0017769613806701452,0.8028991083765354,0.159065737361624,0.8571844378389883,1.819149283577148
Bowen Byram,BUF,D,82,2.853920791415906,0.1875,0.0052991200609495,71.0,224.0,1.0,0.1875,1492.6833333333334,1.0,2.853920791415906,0.0052991200609495,0.7734813847049496,0.7527921864120415,1.3511196300426642,2.8773932011596557
Artem Zub,OTT,D,81,2.9176242893431716,0.1908713692946058,0.0053169271952076,67.0,241.0,1.0,0.1908713692946058,1377.8333333333333,1.0,2.9176242893431716,0.0053169271952076,0.6484537362009959,0.7557939156214669,1.3114699553019604,2.7157176071244233
Tom Willander,VAN,D,70,2.8815675727595815,0.26356589147286824,-0.0074714839721256,50.0,129.0,0.9254098360655738,0.2663942630677583,1041.1,0.9378067055446222,2.9043585422590956,-0.006954979797558417,0.6744897501960817,-1.3128680679192815,0.4232675924301844,-0.21511072529301534
Erik Cernak,TBL,D,61,3.2104434282678405,0.19205298013245034,0.0104900384929628,47.0,151.0,1.0,0.19205298013245034,878.3833333333333,0.8144185458681639,3.2174171990787586,0.008697933783152333,0.06006528404418255,1.3257265103441103,1.2975733805584022,2.683365174946695
Egor Zamula,CBJ,D,33,3.9215686274509807,0.6785714285714286,0.0084800726546112,27.0,28.0,0.34590163934426227,0.4319196303089346,413.1,0.4615938758192355,3.558926664165127,0.004363023334746502,-0.6101981512595275,0.5949953817626423,-1.5234271772436847,-1.5386299467405697
Thomas Harley,DAL,D,70,3.2000790142966493,0.3355263157894737,-0.011255450755878,72.0,152.0,1.0,0.3355263157894737,1349.9666666666667,1.0,3.2000790142966493,-0.011255450755878,0.09409406649988415,-2.03779376920115,-0.38977398357245396,-2.3334736862737198
Pavel Mintyukov,ANA,D,73,3.1540785498489425,0.24503311258278146,-0.0024549141125522,58.0,151.0,1.0,0.24503311258278146,1103.3333333333333,0.984998284796071,3.155487853423037,-0.0024055847062169093,0.18161089319682225,-0.5459814968987619,0.6744897501960817,0.3101191464941421
Martin Fehrvry,WSH,D,81,2.2922487167825354,0.15897435897435896,0.0045753597778583,49.0,195.0,1.0,0.15897435897435896,1282.5833333333333,1.0,2.2922487167825354,0.0045753597778583,1.875846890629406,0.6307887044992445,1.686601236951287,4.193236832079938
Hunter Brzustewicz,CGY,D,34,2.9810208340233846,0.3333333333333333,0.0049900952233734,25.0,57.0,0.5122950819672131,0.3178006077090838,503.18333333333334,0.5299041291277736,3.1065366879167406,0.0030360203346247805,0.27768488150069826,0.3713039326655701,-0.18130718610216923,0.4676816280640991
Johnathan Kovacevic,NJD,D,34,2.7588743792532644,0.17204301075268819,0.0146425121939561,25.0,93.0,0.7188524590163934,0.2084352288531807,543.7,0.5606279451856934,2.9737919018057433,0.008575146502736655,0.5382163907369405,1.3050283923410975,1.1049066103123917,2.9481513933904298
Jake Middleton,MIN,D,75,2.2689962476547842,0.1736111111111111,0.0021569414595342,43.0,144.0,1.0,0.1736111111111111,1137.0666666666666,1.0,2.2689962476547842,0.0021569414595342,1.921483341241158,0.2231185650201324,1.5144627345300086,3.659064640791299
Nick Seeler,PHI,D,80,2.4102641179444437,0.2740740740740741,0.0040156957298816,49.0,135.0,0.9598360655737705,0.2751749934374658,1219.7833333333333,1.0,2.4102641179444437,0.0040156957298816,1.6442240037453741,0.5364467460500489,0.32000002583587256,2.5006707756312956
Shea Theodore,VGK,D,70,3.7206019510473647,0.31155778894472363,0.0070947858503896,82.0,199.0,1.0,0.31155778894472363,1322.3666666666666,1.0,3.7206019510473647,0.0070947858503896,-0.9275100979781808,1.0554856109913755,-0.10788724546615373,0.02008826754704092
Luke Schenn,BUF,D,50,4.423489069867124,0.37349397590361444,-0.0002380607211876,43.0,83.0,0.6614754098360656,0.34911707187407537,583.25,0.5906187372488129,3.9422746224127874,0.00020054942060884702,-1.3625758909123904,-0.10666830821907343,-0.5496108365380696,-2.0188550356695334
Travis Hamonic,DET,D,26,3.1206975676916016,0.26666666666666666,0.0100934275607757,17.0,45.0,0.44344262295081965,0.2860449107967821,326.85,0.39619044180042245,3.197576902176203,0.004502096355323526,0.09900483600063979,0.61843876923074,0.1921621504524772,0.909605755683857
Ben Chiarot,DET,D,82,2.7360209225129366,0.2112676056338028,-0.0030061376565722,68.0,213.0,1.0,0.2112676056338028,1491.2166666666667,1.0,2.7360209225129366,-0.0030061376565722,1.0048775222403357,-0.6472160530468449,1.0715958667298142,1.429257335923305
David Jiricek,PHI,D,26,4.636317822946413,0.391304347826087,0.0047394769784903,23.0,46.0,0.4491803278688524,0.34182992957210245,297.65,0.3740480618195605,3.7673109733277768,0.0022944210725357314,-1.0191835446436455,0.24629335351028378,-0.4639089163940074,-1.236799107527369
Brandon Carlo,TOR,D,55,3.1299614425039692,0.27692307692307694,0.001804223693435,46.0,130.0,0.9311475409836065,0.2786142064084214,881.8,0.8170094065394404,3.151565300417056,0.001626560556655641,0.18930949051764598,0.13371283441708492,0.2795524617317028,0.6025747866664337
Alexander Nikishin,CAR,D,81,3.5163881050575214,0.41818181818181815,0.0113266023208597,72.0,110.0,0.8163934426229509,0.39675546562747044,1228.5333333333333,1.0,3.5163881050575214,0.0113266023208597,-0.5267098627193465,1.7688383001002048,-1.1098718617879144,0.1322565755929439
Logan Mailloux,STL,D,67,3.9326679576940267,0.42592592592592593,-0.0076601589275624,66.0,108.0,0.8049180327868852,0.40164969056390065,1006.95,0.9119107371765938,3.8723579453158847,-0.0069119731347072255,-1.2253539484279015,-1.3056184816462062,-1.1674313902405784,-3.6984038203146863
Carson Soucy,NYI,D,76,4.0753705220823715,0.4264705882352941,0.009160385503272,76.0,136.0,0.9655737704918033,0.4221677960311523,1118.9166666666667,0.9968151371260403,4.072735528513981,0.009133864995564822,-1.6186249438254805,1.3992109595897027,-1.4087387454963922,-1.62815272973217
Colton Parayko,STL,D,77,3.2268073223704623,0.22784810126582278,-0.0081326935429316,78.0,237.0,1.0,0.22784810126582278,1450.35,1.0,3.2268073223704623,-0.0081326935429316,0.041635761764819056,-1.5113939900912003,0.8765975733357586,-0.5931606549906226
Sean Durzi,UTA,D,60,3.160872817144158,0.21897810218978103,-0.0178270122581847,54.0,137.0,0.971311475409836,0.22134509530785382,1025.0333333333333,0.925623341217253,3.167354636021072,-0.016439117830497146,0.1583205563736554,-2.9115988769906407,0.9530774984163116,-1.8002008222006736
Spencer Stastney,EDM,D,66,3.8391527387059408,0.3482142857142857,-0.0027871307300824,58.0,112.0,0.8278688524590163,0.34017067184883215,906.45,0.8357015184068461,3.742030753946794,-0.0021922933834712995,-0.9695673306882179,-0.5100272111432509,-0.44439487824223,-1.9239894200736987
Kaiden Guhle,MTL,D,39,3.078161150789659,0.21739130434782608,-0.0050692139064542,34.0,92.0,0.7131147540983607,0.2415164644176392,662.7333333333333,0.6508910033040244,3.137460884771812,-0.0030085802902636294,0.21699151707858352,-0.64762780514537,0.7158480066613342,0.28521171859454775
Jonathan Aspirot,BOS,D,61,3.498975047713296,0.33093525179856115,0.0096974227495924,55.0,139.0,0.9827868852459016,0.33042831640564707,943.1333333333333,0.8635185151750409,3.4647245184370656,0.008487639161467718,-0.42531234203985396,1.290277375219595,-0.3298179242583799,0.5351471089213613
Ilya Solovyov,PIT,D,30,3.0547988030905278,0.3783783783783784,0.0134477339005412,19.0,37.0,0.3975409836065573,0.332053100252481,373.18333333333334,0.43132504017188145,3.1646796439005294,0.006274242235684308,0.1635706287477013,0.9171674683768221,-0.3489265253700978,0.7318115717544256
Ian Cole,UTA,D,82,4.1029302721555485,0.4583333333333333,0.0099160837012897,83.0,144.0,1.0,0.4583333333333333,1213.7666666666667,1.0,4.1029302721555485,0.0099160837012897,-1.6778866471466276,1.5310687140773598,-1.834070907460552,-1.9808888405298197
Owen Power,BUF,D,81,2.877467828311086,0.20952380952380953,-0.001191654389555,70.0,210.0,1.0,0.20952380952380953,1459.6166666666666,1.0,2.877467828311086,-0.001191654389555,0.7272668007648088,-0.34135058678622837,1.0921041357841608,1.478020349762741
Rasmus Dahlin,BUF,D,77,3.984300123225777,0.27149321266968324,-0.0034592346301641,97.0,221.0,1.0,0.27149321266968324,1460.7333333333333,1.0,3.984300123225777,-0.0034592346301641,-1.445057225765436,-0.7235941159411813,0.36330035788277376,-1.8053509838238435
Brett Pesce,NJD,D,37,1.8972332015810276,0.16279069767441862,0.00540753964161,20.0,86.0,0.6786885245901639,0.207354678441114,632.5,0.6279650459494104,2.399773619241006,0.0037057763627400702,1.6648131774516925,0.48420397618986216,1.1176146433504597,3.2666317969920144
Alec Regula,EDM,D,29,3.9819620522419803,0.4722222222222222,0.0040186348389812,26.0,36.0,0.3918032786885246,0.3683802328302244,391.76666666666665,0.44541679455467886,3.5749308812801703,0.0022521221393067906,-0.6416088225279286,0.23916306844809918,-0.7761591614608784,-1.1786049155407077
Mike Matheson,MTL,D,78,3.3852986495060273,0.24892703862660945,0.0021584958945287,83.0,233.0,1.0,0.24892703862660945,1471.0666666666666,1.0,3.3852986495060273,0.0021584958945287,-0.26942718744176275,0.22338059443258662,0.6286944404537868,0.5826478474446106
MacKenzie Weegar,UTA,D,79,4.711541862686145,0.3474576271186441,-0.0020180619683616,111.0,236.0,1.0,0.3474576271186441,1413.55,1.0,4.711541862686145,-0.0020180619683616,-2.872377977955062,-0.4806572114367338,-0.5300945987564977,-3.8831297881482936
Nick Jensen,OTT,D,61,3.0038591245697597,0.3069306930693069,-0.0084578490386083,48.0,101.0,0.7647540983606557,0.30564955009453315,958.7666666666667,0.8753732825392238,3.034288264914735,-0.007299919024407987,0.4194832242914403,-1.3710140973535228,-0.038402200005468394,-0.9899330730675507
Seth Jones,FLA,D,52,2.9397800862183567,0.1897810218978102,0.0023233710456352,43.0,137.0,0.971311475409836,0.1929856361718002,877.6166666666667,0.8138371820102188,2.9971631539743715,0.0020459821041551775,0.49234681063047886,0.20441426744632596,1.2866046893905903,1.983365767467395
Matthew Kessel,STL,D,29,2.598027423622805,0.3548387096774194,-0.0025275738886942,15.0,31.0,0.36311475409836064,0.32085834049052414,346.4166666666667,0.411027858522758,2.980855755693109,-0.0005480910199577949,0.5243525203114697,-0.23286581115438085,-0.2172682747975187,0.07421843435957015
Pierre-Olivier Joseph,VAN,D,31,3.524154075335178,0.625,-0.0150321413716038,23.0,32.0,0.3688524590163934,0.4208141262091839,391.5833333333333,0.44527777276256153,3.370977131222526,-0.006231207886957961,-0.24131906446181317,-1.1908626259699249,-1.3928186360520696,-2.8250003264838073
Tyler Tucker,STL,D,69,3.765897704123768,0.39805825242718446,0.0095439325978811,57.0,103.0,0.7762295081967212,0.37644794545732324,908.15,0.8369906295701155,3.6814790104669446,0.008124023889334885,-0.8507254719767213,1.2289831451916609,-0.8710411377776675,-0.4927834645627279
Brent Burns,COL,D,82,3.900834214545882,0.3407821229050279,-0.0046272743839519,83.0,179.0,1.0,0.3407821229050279,1276.65,1.0,3.900834214545882,-0.0046272743839519,-1.281242888530643,-0.9204893038976621,-0.4515859728330278,-2.653318165261333
Ryan Shea,PIT,D,80,2.20974271908058,0.2661290322580645,-0.0007629834858315,47.0,124.0,0.8967213114754098,0.2697805212629595,1276.1666666666667,1.0,2.20974271908058,-0.0007629834858315,2.037777258910376,-0.26908999986150733,0.38344281374379374,2.152130072792662
John Marino,UTA,D,80,3.4794354650891983,0.24242424242424243,0.0062704536245899,83.0,198.0,1.0,0.24242424242424243,1431.2666666666667,1.0,3.4794354650891983,0.0062704536245899,-0.4541847764748246,0.9165288263347954,0.7051718986608929,1.1675159485208637
Shakir Mukhamadullin,SJS,D,50,4.659691511163844,0.43157894736842106,0.0023062018091072,60.0,95.0,0.730327868852459,0.3964961596752128,772.5833333333334,0.7341903334717532,4.2844559441868215,0.0019147000987265635,-2.0341579455152545,0.18228420290841407,-1.10682224136164,-2.9586959839684805
Justin Faulk,DET,D,78,2.4941766708475184,0.19796954314720813,0.0094642699966577,58.0,197.0,1.0,0.19796954314720813,1395.25,1.0,2.4941766708475184,0.0094642699966577,1.4795330603781236,1.4549069704326367,1.2279904370661634,4.1624304678769235
Darnell Nurse,EDM,D,82,3.223405288197029,0.38,-0.005896316359056,83.0,150.0,1.0,0.38,1544.95,1.0,3.223405288197029,-0.005896316359056,0.048312762976277006,-1.1344103261937746,-0.9128157981519297,-1.9989133613694272
Simon Edvinsson,DET,D,72,3.3129616083437554,0.26666666666666666,-0.0035637722298441,78.0,195.0,1.0,0.26666666666666666,1412.6333333333334,1.0,3.3129616083437554,-0.0035637722298441,-0.12745491824896502,-0.7412159051574859,0.42006393446480095,-0.44860688894165
Zach Bogosian,MIN,D,41,3.4534444511061815,0.6428571428571429,0.0102384720574759,32.0,42.0,0.4262295081967213,0.446987719589784,555.9666666666667,0.5699297669128134,3.3650981027679463,0.006193603420362602,-0.22978059126834446,0.903574271186515,-1.700638507935187,-1.0268448280170164
Roman Josi,NSH,D,68,2.8984025559105433,0.25517241379310346,-0.0061290248755139,63.0,145.0,1.0,0.25517241379310346,1304.1666666666667,1.0,2.8984025559105433,-0.0061290248755139,0.686179264773937,-1.1736377471256962,0.5552444347301893,0.06778595237842999
Mario Ferraro,SJS,D,82,3.3351149118118655,0.2604166666666667,-0.0058666931260834,78.0,192.0,1.0,0.2604166666666667,1403.25,1.0,3.3351149118118655,-0.0058666931260834,-0.17093409175329477,-1.129416770105376,0.49356833148410567,-0.8067825303745648
Nicolas Hague,NSH,D,62,2.3927836683019463,0.2897196261682243,0.0004796165087801,42.0,107.0,0.7991803278688524,0.29208228834332495,1053.1666666666667,0.9469568671348871,2.43814815584198,0.0004983789504698213,1.589497406265521,-0.05646350904952364,0.12115834307063383,1.6541922402866311
Scott Mayfield,NYI,D,80,3.2966089569323223,0.41379310344827586,-0.0082700677727887,64.0,116.0,0.8508196721311474,0.39703890190074104,1164.8333333333333,1.0,3.2966089569323223,-0.0082700677727887,-0.09536039252746181,-1.5345510142595784,-1.1132052717655392,-2.743116678552579
Nick Leddy,SJS,D,32,2.3059923774140856,0.21568627450980393,0.0028944542230808,20.0,51.0,0.47786885245901634,0.2604843150227819,520.3833333333333,0.5429469008973224,2.736549652207772,0.0019524141972565574,1.003839811084899,0.18864162738355864,0.4927727392240102,1.6852541776924679
Tyler Myers,DAL,D,73,3.816112474893997,0.32571428571428573,-0.011059102137068,76.0,175.0,1.0,0.32571428571428573,1194.9333333333334,1.0,3.816112474893997,-0.011059102137068,-1.1149637950665197,-2.0046954965779618,-0.2743776068985379,-3.3940368985430194
Mattias Samuelsson,BUF,D,78,2.802820874471086,0.2236842105263158,-0.0067087547003751,69.0,228.0,1.0,0.2236842105263158,1477.0833333333333,1.0,2.802820874471086,-0.0067087547003751,0.8737726192875915,-1.2713621717095882,0.9255678578256352,0.5279783054036385
Adam Boqvist,NYI,D,28,1.5791782424331042,0.2,-0.0039507154022659,9.0,30.0,0.35737704918032787,0.26521640987498435,341.95,0.4076407821329915,2.567732857778422,-0.0011168378778013777,1.3351680351578687,-0.32873884896120403,0.4371199746241226,1.4435491608207873
Dylan Samberg,WPG,D,66,2.8604698951983014,0.20765027322404372,-0.0039780035205338,59.0,183.0,1.0,0.20765027322404372,1216.5833333333333,1.0,2.8604698951983014,-0.0039780035205338,0.7606277883976302,-0.8110424222544557,1.1141382407454512,1.0637236068886258
Josh Morrissey,WPG,D,77,3.06282722513089,0.2919254658385093,-0.0085840441366094,78.0,161.0,1.0,0.2919254658385093,1528.0,1.0,3.06282722513089,-0.0085840441366094,0.3634712437460749,-1.5874776676272344,0.12300268605551869,-1.1010037378256408
Charle-Edouard D'Astous,TBL,D,70,3.1060366397285093,0.3178294573643411,-0.0048430676888965,60.0,129.0,0.9254098360655738,0.31661030068371965,1159.0333333333333,1.0,3.1060366397285093,-0.0048430676888965,0.2786663009069703,-0.956865346064919,-0.16730833807541165,-0.8455073832333604
Victor Hedman,TBL,D,33,3.932134275103765,0.4782608695652174,-0.0085912336782143,30.0,46.0,0.4491803278688524,0.38088908851722003,457.76666666666665,0.495464639716901,3.5869751287860825,-0.0038362045281536273,-0.665247460792081,-0.787139520691222,-0.923272104608737,-2.37565908609204
Arber Xhekaj,MTL,D,65,2.8482338157955973,0.4888888888888889,0.0061153366289738,34.0,45.0,0.44344262295081965,0.3845877158969643,716.2333333333333,0.6914600899127954,2.9715842347182915,0.004485628930673001,0.5425492677940029,0.6156628734093779,-0.9667705646642879,0.19144157653909288
Declan Carlile,TBL,D,42,2.336972558276778,0.3137254901960784,-0.0100561798816542,22.0,51.0,0.47786885245901634,0.30733420251876387,564.8333333333334,0.5766533663133948,2.7226620098154983,-0.005446139577892881,1.0310963876947465,-1.0585245169537076,-0.058214897706298646,-0.08564302696525974
Artyom Levshunov,CHI,D,67,4.41717791411043,0.627906976744186,-0.0029152234768997,77.0,86.0,0.6786885245901639,0.5230237596458414,1045.9166666666667,0.9414591871738855,4.348734540246419,-0.002695779701114454,-2.1603143101727,-0.5948993508323211,-2.5948758321041816,-5.350089493109203
Louis Crevier,CHI,D,77,3.092423271795469,0.21212121212121213,0.0028271549634313,59.0,231.0,1.0,0.21212121212121213,1144.7333333333333,1.0,3.092423271795469,0.0028271549634313,0.30538457284284587,0.3360957247382467,1.061556853906008,1.7030371514871008
Jake Christiansen,CBJ,D,40,1.9835551411375776,0.1951219512195122,-0.0006647321351099,13.0,41.0,0.4204918032786885,0.2567600472340739,393.23333333333335,0.44652896889161714,2.6834005738200304,0.00016440571996460178,1.1081528316753662,-0.11276101243458793,0.5365727485275944,1.5319645677683726
Neal Pionk,WPG,D,51,3.2339676603233967,0.3394495412844037,-0.0317205592451961,49.0,109.0,0.810655737704918,0.3322611201006857,909.1,0.8377110152201779,3.2362484241216736,-0.026437420476983886,0.02310618662927086,-4.597001854450798,-0.3513729851317509,-4.925268652953278
Jonas Brodin,MIN,D,62,2.1835716560268095,0.17164179104477612,-0.0025227721511823,40.0,134.0,0.9540983606557376,0.17760179431575834,1099.1166666666666,0.9818007835773737,2.202943806913141,-0.002461693594855959,2.0511211415594945,-0.5554397110894939,1.4675294925055826,2.963210922975583
Haydn Fleury,WPG,D,38,3.3647375504710633,0.425,0.0009390363655244,25.0,40.0,0.4147540983606557,0.352713188267294,445.8,0.4863903081950638,3.304790993808963,0.0008847481341613648,-0.11141886441588161,0.008666323044666479,-0.591903695273233,-0.6946562366444482
Zayne Parekh,CGY,D,37,6.77468742026027,1.5769230769230769,-0.0011176554284618,59.0,26.0,0.3344262295081967,0.7280247603087288,522.5333333333333,0.544577247368516,5.168563464311161,-0.00022912909768913224,-3.769351268682792,-0.17909874763416253,-5.005831822836931,-8.954281839153886
Brandon Montour,SEA,D,64,4.177912123502105,0.45925925925925926,0.0081711061218445,86.0,135.0,0.9598360655737705,0.45292241298816405,1235.0666666666666,1.0,4.177912123502105,0.0081711061218445,-1.8250497521465567,1.236919745799071,-1.770434677493967,-2.3585646838414527
Zach Metsa,BUF,D,43,3.5950734179087918,0.35714285714285715,0.0101322077452181,27.0,56.0,0.5065573770491802,0.3296787596903056,450.6166666666667,0.490042789824327,3.4180917285554973,0.005390181549481537,-0.33378851286600847,0.768142322263128,-0.32100260995550833,0.11335119944161115
Zeev Buium,VAN,D,76,3.634624581539933,0.48214285714285715,-0.0040278141670287,76.0,112.0,0.8278688524590163,0.451045964588879,1254.6,1.0,3.634624581539933,-0.0040278141670287,-0.7587666430058468,-0.8194389486329825,-1.7483663241936012,-3.3265719158324307
Vince Dunn,SEA,D,81,3.2480213793812314,0.24669603524229075,-0.0053234881788286,79.0,227.0,1.0,0.24669603524229075,1459.35,1.0,3.2480213793812314,-0.0053234881788286,-0.0,-1.0378493043219685,0.6549326098157666,-0.3829166945062019
Simon Nemec,NJD,D,68,3.851604835348062,0.4195804195804196,0.0037128503418062,77.0,143.0,1.0,0.4195804195804196,1199.5,1.0,3.851604835348062,0.0037128503418062,-1.1846228642198817,0.48539642912933545,-1.378309378156703,-2.0775358132472492
Scott Morrow,NYR,D,29,2.5021464491598184,0.23255813953488372,0.002389606440086,17.0,43.0,0.43196721311475406,0.27171069681358007,407.65,0.4574611370899308,2.9068125856752705,0.0015452697741463381,0.6696733227213884,0.12000973582870723,0.3607425913454304,1.150425649895526
Brady Skjei,NSH,D,82,4.1986827661909984,0.3242009132420091,0.0020474048760326,102.0,219.0,1.0,0.3242009132420091,1457.6,1.0,4.1986827661909984,0.0020474048760326,-1.8658152469436131,0.20465410255066707,-0.2565792819320887,-1.9177404263250346
Brian Dumoulin,LAK,D,82,4.093627025093269,0.3615819209039548,0.0030086451701453,89.0,177.0,1.0,0.3615819209039548,1304.4666666666667,1.0,4.093627025093269,0.0030086451701453,-1.6596276324693466,0.3666893310323228,-0.6962062304385427,-1.9891445318755663
Brenden Dillon,NJD,D,82,2.4727234301112198,0.17318435754189945,-0.0109105093292128,52.0,179.0,1.0,0.17318435754189945,1261.7666666666667,1.0,2.4727234301112198,-0.0109105093292128,1.5216382560003663,-1.9796473689463863,1.519481656734927,1.061472543788907
Joel Edmundson,LAK,D,82,3.4241327379851514,0.41304347826086957,-0.0052210266350074,72.0,138.0,0.9770491803278687,0.4104831133045159,1261.6333333333334,1.0,3.4241327379851514,-0.0052210266350074,-0.34564489796502196,-1.0205774735785678,-1.271318656187065,-2.637541027730655
Nick Blankenburg,COL,D,61,3.1691408907206595,0.4657534246575342,0.0030564640366543,44.0,73.0,0.6040983606557377,0.40071917497224596,833.0333333333333,0.780029609836243,3.1864922625876337,0.0025674419095306623,0.12076010011274531,0.2923161783686222,-1.156487872243516,-0.7434115937621484
Adam Pelech,NYI,D,82,2.497196434558424,0.18636363636363637,0.000920666350312,60.0,220.0,1.0,0.18636363636363637,1441.6166666666666,1.0,2.497196434558424,0.000920666350312,1.4736063221597104,0.01472101758490524,1.364484065864356,2.8528114056089717
Alexandre Carrier,MTL,D,73,2.2963611280058154,0.17333333333333334,0.0075658928349558,43.0,150.0,1.0,0.17333333333333334,1123.5166666666667,1.0,2.2963611280058154,0.0075658928349558,1.867775668143083,1.134899601802021,1.5177295966197555,4.52040486656486
Quinn Hughes,MIN,D,74,3.426419068062615,0.24736842105263157,-0.0074091224403557,94.0,190.0,1.0,0.24736842105263157,1646.0333333333333,1.0,3.426419068062615,-0.0074091224403557,-0.35013216291263194,-1.3894223981316323,0.6470248796472164,-1.0925296813970478
Mikey Anderson,LAK,D,80,2.1149101163200568,0.15609756097560976,0.0055918734840163,50.0,205.0,1.0,0.15609756097560976,1418.5,1.0,2.1149101163200568,0.0055918734840163,2.2239004344100217,0.8021413117930195,1.7204344053103917,4.746476151513433
Drew Doughty,LAK,D,72,3.1680590213735487,0.26595744680851063,-0.0036778134083867,73.0,188.0,1.0,0.26595744680851063,1382.55,1.0,3.1680590213735487,-0.0036778134083867,0.1569380947015921,-0.7604397023023246,0.4284048589492611,-0.17509674865147135
Ben Hutton,VGK,D,55,3.2224377144562135,0.46774193548387094,-0.0027784468409481,42.0,62.0,0.540983606557377,0.3914271477954201,782.0166666666667,0.7413436365934244,3.229055092188331,-0.0018442359736900525,0.03722417709756649,-0.4513555530115066,-1.0472070954883832,-1.4613384714023234
Miro Heiskanen,DAL,D,77,3.4923483617490847,0.3764705882352941,0.0016941901484753,80.0,170.0,1.0,0.3764705882352941,1374.4333333333334,1.0,3.4923483617490847,0.0016941901484753,-0.4795282687050864,0.1451130809836679,-0.871307432776322,-1.2057226204977405
Henri Jokiharju,BOS,D,41,4.1297032731722245,0.4,-0.0105000855344471,45.0,95.0,0.730327868852459,0.3734331743430299,653.8,0.6441168505244912,3.8159275439743547,-0.006466711437428921,-1.1146008404600873,-1.2305612027384194,-0.8355853085124917,-3.1807473517109983
Adam Wilsby,NSH,D,58,3.1396125584502337,0.3025210084033613,0.0036448147886477,47.0,119.0,0.8680327868852458,0.3023842522379826,898.2,0.8294455377615686,3.1581021666060227,0.0031653047020550906,0.17647991231889962,0.39309725754383457,-0.0,0.5695771698627342
Simon Benoit,TOR,D,73,3.40678653508179,0.20179372197309417,-0.0023352300293031,63.0,223.0,1.0,0.20179372197309417,1109.55,0.9897123873833209,3.405153220662916,-0.002302633039412274,-0.30839475475862316,-0.5286270466583514,1.1830154036756437,0.34599360225866915
Jake McCabe,TOR,D,80,3.0786542140204793,0.16835016835016836,-0.0083092599537311,76.0,297.0,1.0,0.16835016835016836,1481.1666666666667,1.0,3.0786542140204793,-0.0083092599537311,0.33240840939398153,-1.5411575974756495,1.5763351225933966,0.3675859345117285
Mike Reilly,CAR,D,42,2.3210831721470018,0.30434782608695654,0.0002171157432602,22.0,46.0,0.4491803278688524,0.3027707706269849,568.7,0.5795854622925958,2.7107814700247106,0.000476184107550635,1.0544137250675831,-0.06020486952468403,-0.004545728179277688,0.9896631273636214
Sam Rinzel,CHI,D,53,4.233576642335767,0.5844155844155844,-0.005889224964776,58.0,77.0,0.6270491803278688,0.47889628641549714,822.0,0.7716630256197301,4.008537935508177,-0.0043542155113510655,-1.492627559783966,-0.8744600674187012,-2.0759057022190657,-4.442993329421733
Radko Gudas,ANA,D,56,2.907494460436124,0.345679012345679,-0.012468890894278,39.0,81.0,0.6499999999999999,0.33021100983160245,804.8166666666667,0.7586328921949194,2.98968645799168,-0.009258170626092991,0.5070209454536905,-1.701114435059919,-0.327262246067423,-1.5213557356736516
Gustav Forsling,FLA,D,80,2.0975665486119044,0.1693121693121693,-0.0169036420876396,51.0,189.0,1.0,0.1693121693121693,1458.8333333333333,1.0,2.0975665486119044,-0.0169036420876396,2.257939781663688,-2.989903224615631,1.5650213144903773,0.8330578715384342
Emil Andrae,PHI,D,61,3.047862733293197,0.375,0.0074975070852371,45.0,72.0,0.5983606557377048,0.34547337092596353,885.8666666666667,0.8200931626554966,3.083872642278053,0.00629857731718844,0.3221664629521087,0.9212696065370639,-0.5067583499605287,0.7366777195286439
Lane Hutson,MTL,D,82,2.908730500732569,0.4224137931034483,0.0007227239671256,75.0,116.0,0.8508196721311474,0.40437355424669924,1547.0666666666666,1.0,2.908730500732569,0.0007227239671256,0.6659091273875913,-0.018645914161769257,-1.1994659434512813,-0.5522027302254593
Tony DeAngelo,NYI,D,76,3.88915643832407,0.3875,-0.0124127378944341,83.0,160.0,1.0,0.3875,1280.4833333333333,1.0,3.88915643832407,-0.0124127378944341,-1.258323505007378,-2.232876400529996,-1.0010210745750958,-4.49222098011247
Nikita Zadorov,BOS,D,81,3.7145093574325765,0.3160377358490566,0.0049201597879343,87.0,212.0,1.0,0.3160377358490566,1405.3,1.0,3.7145093574325765,0.0049201597879343,-0.9155524711957881,0.6889112663137323,-0.16057457280719306,-0.3872157776892488
Joshua Mahura,SEA,D,23,2.438261956861519,0.25,-0.0065715841719583,13.0,36.0,0.3918032786885246,0.2813128375661078,319.9,0.3909202520447036,2.9314700218342518,-0.0020613966661066864,0.6212794140444473,-0.4879620941942655,0.24781466076798284,0.38113198061816467
Vincent Iorio,NYR,D,27,3.909643788010426,0.475,0.0014682021784495,25.0,40.0,0.4147540983606557,0.37345089318532676,383.6666666666667,0.4392745590120425,3.538655271164306,0.0011122171073081255,-0.5704125086926792,0.04701051987252187,-0.8357936945635172,-1.3591956833836745
Matthew Schaefer,NYI,D,82,2.769050765930709,0.2774566473988439,0.0001213342879616,71.0,173.0,1.0,0.2774566473988439,1538.4333333333334,1.0,2.769050765930709,0.0001213342879616,0.9400515113093036,-0.1200215167729758,0.29316617005382384,1.1131961645901516
Jaccob Slavin,CAR,D,39,2.580262474975903,0.2564102564102564,0.008489233641247,29.0,78.0,0.6327868852459015,0.27296219037833125,674.35,0.659699929586365,2.807500877164368,0.0058839314666622984,0.8645874135960405,0.8513732075403979,0.3460241465693382,2.0619847677057765
Jared Spurgeon,MIN,D,79,2.473703684127068,0.22777777777777777,0.009929349507048,52.0,180.0,1.0,0.22777777777777777,1261.2666666666667,1.0,2.473703684127068,0.009929349507048,1.5197143607901225,1.533304916492307,0.8774246270293654,3.9304439043117947
Brock Faber,MIN,D,80,3.017726073889309,0.2361111111111111,-0.0009684432862778,82.0,216.0,1.0,0.2361111111111111,1630.3666666666666,1.0,3.017726073889309,-0.0009684432862778,0.4519890028649592,-0.3037241344405644,0.7794187643369588,0.9276836327613536
Zach Werenski,CBJ,D,75,4.028445931813429,0.32195121951219513,0.0076052116911623,107.0,205.0,1.0,0.32195121951219513,1593.6666666666667,1.0,4.028445931813429,0.0076052116911623,-1.5316999819500596,1.141527538529266,-0.23012130095799455,-0.6202937443787881
Brett Kulak,COL,D,83,2.553885808198446,0.2518518518518518,-0.0004173390327112,60.0,135.0,0.9598360655737705,0.253845303091382,1409.6166666666666,1.0,2.553885808198446,-0.0004173390327112,1.3623449422984897,-0.21082509120361217,0.570852190235454,1.7223720413303314
John Klingberg,SJS,D,56,4.265780025821056,0.4690265486725664,-0.000501567424486,67.0,113.0,0.833606557377049,0.441148686924597,942.3833333333333,0.8629497896618339,4.1262959892529905,-0.0003186184957475832,-1.7237453638475113,-0.1941838779079324,-1.6319673758982918,-3.5498966176537357
Kris Letang,PIT,D,74,3.4124925164637796,0.5588235294117647,-0.0054792127169751,76.0,102.0,0.7704918032786885,0.49976216319064565,1336.2666666666667,1.0,3.4124925164637796,-0.0054792127169751,-0.32279922116178117,-1.0640996199540866,-2.3213030927208917,-3.70820193383676
Sam Dickinson,SJS,D,72,4.171431185107259,0.46153846153846156,0.0020158823935547,76.0,130.0,0.9311475409836065,0.4505183678207795,1093.15,0.977276256161193,4.150447857223699,0.001989010534386955,-1.7711470192919796,0.1948106320381018,-1.7421614150242426,-3.31849780227812
Ty Emberson,EDM,D,72,3.0654352525054036,0.2077922077922078,-0.0047167635963481,52.0,154.0,1.0,0.2077922077922078,1017.8,0.9201382996009893,3.0800168910669767,-0.004273523127330339,0.32973395175292064,-0.8608578402111983,1.112468990369596,0.5813451019113183
Jeff Petry,MIN,D,67,3.4729972571644754,0.47368421052631576,-0.0021923629816933,51.0,76.0,0.6213114754098361,0.40847423931481147,881.0833333333334,0.8164659577157094,3.43170652489846,-0.0016370440378919086,-0.3605095882701315,-0.41642943426447815,-1.2476928847789064,-2.024631907313516
Sam Malinski,COL,D,82,3.236561153774115,0.3128834355828221,-0.0063272128256402,72.0,163.0,1.0,0.3128834355828221,1334.75,1.0,3.236561153774115,-0.0063272128256402,0.022492407883450218,-1.2070460738237245,-0.1234777825532093,-1.3080314484934836
Nick DeSimone,UTA,D,40,3.465391210179587,0.3283582089552239,0.003883268317527,32.0,67.0,0.569672131147541,0.3167937974870879,554.05,0.5684763572679509,3.3715909889734315,0.0025671508345407688,-0.2425238521674939,0.2922671121748915,-0.16946638957726035,-0.11972312956986275
Ryker Evans,SEA,D,67,2.57614884415544,0.40229885057471265,0.0107933661134128,46.0,87.0,0.6844262295081966,0.370484555096301,1071.3666666666666,0.960757939588712,2.6025145067714557,0.010402514048267168,1.2669038436113687,1.613065747384896,-0.8009074717492396,2.0790621192470247
Jonas Siegenthaler,NJD,D,82,3.4961390875929697,0.26635514018691586,-0.0004773812399436,82.0,214.0,1.0,0.26635514018691586,1407.2666666666667,1.0,3.4961390875929697,-0.0004773812399436,-0.4869681354911338,-0.2209463406217147,0.42372770503274165,-0.28418677108010687
Rasmus Andersson,VGK,D,81,3.418334076946837,0.22040816326530613,0.0107060000155979,83.0,245.0,1.0,0.22040816326530613,1456.85,1.0,3.418334076946837,0.0107060000155979,-0.33426415785370656,1.6642240460523527,0.964096478389997,2.2940563665886433
Jake Walman,EDM,D,53,3.953422323203635,0.37,0.0009722067749276,58.0,100.0,0.7590163934426228,0.353488940588365,880.25,0.8158340404788125,3.823511481537431,0.0009466316849855198,-1.1294854529345055,0.019097965744688847,-0.6010270883286973,-1.7114145755185142
Shayne Gostisbehere,CAR,D,55,2.8166259168704157,0.3384615384615385,-0.0018810997420135,40.0,65.0,0.5581967213114754,0.32212505858602525,852.0833333333334,0.7944752378717026,2.905288366686178,-0.0013232157814257108,0.6726648306010482,-0.3635277471921111,-0.23216577076603892,0.07697131264289817
Philippe Myers,TOR,D,39,3.899455223167352,0.3835616438356164,0.0133774645235966,34.0,73.0,0.6040983606557377,0.35106725491834967,523.15,0.5450448661238196,3.6030820515561626,0.007670449295389906,-0.6968597072793493,1.1525245703550842,-0.5725463611375344,-0.1168814980617996
Josh Manson,COL,D,79,3.898560657984921,0.29239766081871343,0.0048346071428436,79.0,171.0,1.0,0.29239766081871343,1215.8333333333333,1.0,3.898560657984921,0.0048346071428436,-1.2767806935208454,0.6744897501960817,0.11744934088824723,-0.48484160243651653
Ian Moore,ANA,D,67,2.8386130221372388,0.14965986394557823,-0.0161605307740975,40.0,147.0,1.0,0.14965986394557823,845.4833333333333,0.7894704533554804,2.924805577980294,-0.012582819501131532,0.634359382503924,-2.2615468715563742,1.7961462514520616,0.16895876239961138
Morgan Rielly,TOR,D,78,3.5699856759833986,0.3958333333333333,-0.0012013716731926,81.0,144.0,1.0,0.3958333333333333,1361.35,1.0,3.5699856759833986,-0.0012013716731926,-0.6319031170369898,-0.3429886186957136,-1.0990269372675021,-2.0739186730002057
Victor Mancini,VAN,D,24,2.657386902878836,0.3870967741935484,-0.0069221719034876,14.0,31.0,0.36311475409836064,0.3325717196549874,316.1,0.38803870944445445,3.018832339365841,-0.00217610068125977,0.4498177913043348,-0.5072976249839414,-0.3550258544042965,-0.4125056880839031
Esa Lindell,DAL,D,82,3.9895804771044694,0.4074074074074074,0.0027760574286677,97.0,189.0,1.0,0.4074074074074074,1458.8,1.0,3.9895804771044694,0.0027760574286677,-1.4554207105065005,0.3274822690071675,-1.2351461910069557,-2.363084632506289
Jordan Spence,OTT,D,73,3.1488745233637196,0.39,0.0133426472248412,64.0,100.0,0.7590163934426228,0.3686692684572175,1219.4833333333333,1.0,3.1488745233637196,0.0133426472248412,0.19459054318466182,2.1086807917713037,-0.7795584237775539,1.5237129111784118
Devon Toews,COL,D,68,2.61839739807051,0.25833333333333336,0.0090941309524214,53.0,120.0,0.8737704918032787,0.26378031158063464,1214.4833333333333,1.0,2.61839739807051,0.0090941309524214,1.235731292414384,1.3925130352531168,0.45400950089398306,3.082253828561484
Alexander Petrovic,DAL,D,54,3.3200586879060996,0.34782608695652173,0.0039344257184754,44.0,92.0,0.7131147540983607,0.3345314323435123,795.1666666666666,0.7513152905916549,3.3021441107690332,0.0031632323654683706,-0.1062239603193242,0.3927479260245707,-0.3780734543244732,-0.09154948861922668
Damon Severson,CBJ,D,71,3.5701732362540795,0.24479166666666666,0.0045993279990744,79.0,192.0,1.0,0.24479166666666666,1327.6666666666667,1.0,3.5701732362540795,0.0045993279990744,-0.6322712321383421,0.6348290014206658,0.6773293240323685,0.6798870933146921
Kevin Bahl,CGY,D,76,3.501775205486114,0.24489795918367346,-0.0055347277615926,80.0,245.0,1.0,0.24489795918367346,1370.7333333333333,1.0,3.501775205486114,-0.0055347277615926,-0.4980298603539583,-1.0734577305054855,0.6760792492531286,-0.8954083416063153
Aaron Ekblad,FLA,D,72,2.5440991034683442,0.22699386503067484,-0.0074082672950863,51.0,163.0,1.0,0.22699386503067484,1202.7833333333333,1.0,2.5440991034683442,-0.0074082672950863,1.381552815002815,-1.3892782472258067,0.8866439924360131,0.8789185602130213
Will Borgen,NYR,D,75,2.9329788602547064,0.2192513368983957,-0.0025502102012817,57.0,187.0,1.0,0.2192513368983957,1166.05,1.0,2.9329788602547064,-0.0025502102012817,0.6183180928325844,-0.5703608589382275,0.9777015703189224,1.0256588042132793
Parker Wotherspoon,PIT,D,80,4.754472325609317,0.4472049689440994,-0.0075020868936647,110.0,161.0,1.0,0.4472049689440994,1388.1666666666667,1.0,4.754472325609317,-0.0075020868936647,-2.9566354363853478,-1.4050933146806528,-1.7031935131818727,-6.0649222642478735
Olen Zellweger,ANA,D,76,3.1857937198566395,0.3619047619047619,-0.0029254277953906,60.0,105.0,0.7877049180327869,0.3490778840390085,1130.0166666666667,1.0,3.1857937198566395,-0.0029254277953906,0.12213109476574628,-0.6336108797333863,-0.5491499600281368,-1.0606297449957767
Conor Timmins,BUF,D,39,4.134222172427315,0.30303030303030304,-0.0025347049472399,41.0,99.0,0.7532786885245901,0.3026489746219607,595.0333333333333,0.5995540469785328,3.7793466512875966,-0.001185986189850324,-1.0428053638910793,-0.34039510454120386,-0.003113321473891966,-1.386313789906175
Rasmus Sandin,WSH,D,73,3.716362317425331,0.28846153846153844,-0.0037341056915574,74.0,156.0,1.0,0.28846153846153844,1194.7166666666667,1.0,3.716362317425331,-0.0037341056915574,-0.9191891824942874,-0.7699288311093292,0.1637409089615838,-1.5253771046420328
Nils Lundkvist,DAL,D,52,3.491120673980241,0.3185840707964602,0.0118044006608499,48.0,113.0,0.833606557377049,0.3157388508590233,824.95,0.7739000126383446,3.4361559265437776,0.009323843300147723,-0.369242204893458,1.4312353952882324,-0.15705947505191034,0.904933715342864
Jack St. Ivany,PIT,D,20,4.436229205175601,0.5517241379310345,-0.0258911691729659,22.0,29.0,0.35163934426229504,0.38947874447215813,297.55,0.3739722317511329,3.692378111777713,-0.009160886231567342,-0.872116589451112,-1.6847153107293955,-1.0242925016600983,-3.581124401840606
Evan Bouchard,EDM,D,82,3.8085904874327654,0.47692307692307695,-0.0030168155525927,95.0,130.0,0.9311475409836065,0.46484371460514273,1496.6166666666666,1.0,3.8085904874327654,-0.0030168155525927,-1.1002007689383815,-0.6490160143385031,-1.9106375714205723,-3.659854354697457
Jake Sanderson,OTT,D,67,3.347400042915385,0.23880597014925373,0.0062475332994675,65.0,201.0,1.0,0.23880597014925373,1165.0833333333333,1.0,3.347400042915385,0.0062475332994675,-0.19504550012822502,0.9126651721155242,0.7477253261528471,1.4653449981401463
Oliver Ekman-Larsson,TOR,D,78,4.279590292870951,0.32075471698113206,-0.00532662303219,99.0,212.0,1.0,0.32075471698113206,1387.9833333333333,1.0,4.279590292870951,-0.00532662303219,-2.024608376617829,-1.0383777431356365,-0.21604958942553645,-3.2790357091790017
Matthew Robertson,NYR,D,72,2.6720900197437762,0.22857142857142856,0.0009296500832922,50.0,140.0,0.9885245901639343,0.22940813846673713,1122.7166666666667,0.9996966797262894,2.67226471140142,0.0009296208695738476,1.130008628257401,0.016230471135098127,0.8582504383308156,2.0044895377233147
Ryan Pulock,NYI,D,76,3.0936165300704146,0.25136612021857924,0.0054310609760452,67.0,183.0,1.0,0.25136612021857924,1299.45,1.0,3.0936165300704146,0.0054310609760452,0.3030426248960521,0.7750333226342232,0.6000091249820065,1.6780850725122818
Dante Fabbro,CBJ,D,74,3.0779565788268344,0.2876712328767123,-0.0104626029026622,56.0,146.0,1.0,0.2876712328767123,1091.6333333333334,0.9761261667900409,3.082016677510155,-0.010192925518071856,0.3258090715715194,-1.858685048176958,0.17303545863736516,-1.3598405179680733
Brandt Clarke,LAK,D,82,3.7136996653352043,0.4122137404580153,0.0007460075997977,86.0,131.0,0.9368852459016392,0.405225105525436,1389.45,1.0,3.7136996653352043,0.0007460075997977,-0.9139633292767327,-0.014721017584905259,-1.2094807855752114,-2.1381651324368494
Dylan DeMelo,WPG,D,82,3.127262197770378,0.2670157068062827,0.0052124679012297,79.0,191.0,1.0,0.2670157068062827,1496.5166666666667,1.0,3.127262197770378,0.0052124679012297,0.2370079666473821,0.7381853263120003,0.4159589768651189,1.3911522698245014
Cam Fowler,STL,D,82,2.2371828068358366,0.17073170731707318,-0.0093815065471379,54.0,205.0,1.0,0.17073170731707318,1448.25,1.0,2.2371828068358366,-0.0093815065471379,1.98392198002602,-1.7219050368157003,1.5483265488749458,1.8103434920852655
Matt Grzelcyk,CHI,D,68,2.3856858846918487,0.23076923076923078,0.0021558503120272,41.0,117.0,0.8565573770491803,0.24091284594860798,1031.15,0.9302616137360753,2.4458237705095898,0.00206362036609423,1.574432863753124,0.20738753003302582,0.7229469845166709,2.504767378302821
Andrew Peeke,BOS,D,77,2.641613270961909,0.25136612021857924,-0.0101374084658783,56.0,183.0,1.0,0.25136612021857924,1271.95,1.0,2.641613270961909,-0.0101374084658783,1.190166667393441,-1.8493265992106516,0.6000091249820065,-0.05915080683520402
Thomas Chabot,OTT,D,57,3.213435599047871,0.38095238095238093,0.001662560678365,54.0,105.0,0.7877049180327869,0.364081787239633,1008.2666666666667,0.9129091664108906,3.2164477034874333,0.0015903428948118709,0.06196806423620201,0.12760766264279536,-0.7256064172598047,-0.5360306903808073
Ryan Graves,PIT,D,22,3.531416180494605,0.4,0.0190931247894482,19.0,35.0,0.3860655737704918,0.3395180777596638,322.81666666666666,0.3931319623738422,3.359432933669477,0.008011843191057279,-0.2186618490672864,1.2100729671768882,-0.43671991263860094,0.5546912054710009
Darren Raddysh,TBL,D,73,2.8826520398766866,0.2052980132450331,-0.0005828643186279,60.0,151.0,1.0,0.2052980132450331,1248.85,1.0,2.8826520398766866,-0.0005828643186279,0.7170920097017799,-0.23872750820305944,1.1418024729678222,1.6201669744665428
Mikhail Sergachev,UTA,D,78,3.594009983361065,0.2510822510822511,0.0041298435290231,81.0,231.0,1.0,0.2510822510822511,1352.25,1.0,3.594009983361065,0.0041298435290231,-0.6790544157269821,0.5556885161130115,0.6033476257337174,0.47998172611974677
Brayden Pachal,CGY,D,39,3.6762525941298545,0.4642857142857143,-0.0123877807078964,31.0,56.0,0.5065573770491802,0.3839527643741464,505.95,0.5320020943542708,3.4758412824953724,-0.006200325321979499,-0.44713065523154566,-1.1856567856581601,-0.9593030880528929,-2.592090528942599
Dougie Hamilton,NJD,D,77,4.584946345031083,0.3743016759776536,0.0046325460107979,101.0,179.0,1.0,0.3743016759776536,1321.7166666666667,1.0,4.584946345031083,0.0046325460107979,-2.6239153283588816,0.6404285254442527,-0.8457994987466191,-2.829286301661248
Joel Nystrom,CAR,D,38,3.433476394849785,0.3333333333333333,0.0089351644297064,30.0,51.0,0.47786885245901634,0.3167041800179603,524.25,0.5458789968765233,3.3492573771909253,0.005255954418866714,-0.1986907966113435,0.7455158011832076,-0.16841242509236093,0.3784125794795032
Jamie Oleksiak,SEA,D,78,3.312899069839877,0.3228346456692913,0.0028177614611899,65.0,127.0,0.9139344262295082,0.32099715201912554,1177.2166666666667,1.0,3.312899069839877,0.0028177614611899,-0.12733217707563377,0.3345122723057483,-0.21890079603098656,-0.011720700800872008
Marcus Pettersson,VAN,D,82,3.087931559879462,0.20851063829787234,0.0074467503299104,76.0,235.0,1.0,0.20851063829787234,1476.7166666666667,1.0,3.087931559879462,0.0074467503299104,0.314200229704526,1.1148158796098206,1.1040197421905324,2.533035851504879
Cody Ceci,LAK,D,82,2.8902507560146655,0.2111111111111111,-0.0099249726397541,60.0,180.0,1.0,0.2111111111111111,1245.5666666666666,1.0,2.8902507560146655,-0.0099249726397541,0.7021783920623641,-1.813516523587991,1.0734363524141786,-0.03790177911144843
Filip Hronek,VAN,D,82,3.420992831615262,0.3004484304932735,0.0002293926217829,92.0,223.0,1.0,0.3004484304932735,1613.5666666666666,1.0,3.420992831615262,0.0002293926217829,-0.3394823617978859,-0.10180624124060354,0.02276662561307194,-0.4185219774254175
Nick Perbix,NSH,D,79,4.1707080504364695,0.43333333333333335,0.003446069541232,86.0,150.0,1.0,0.43333333333333335,1237.2,1.0,4.1707080504364695,0.003446069541232,-1.8109106805986266,0.4404254804078586,-1.5400533193833323,-2.9105385195741
Noah Hanifin,VGK,D,71,3.905449548583069,0.4144736842105263,0.0021578798023617,90.0,152.0,1.0,0.4144736842105263,1382.6833333333334,1.0,3.905449548583069,0.0021578798023617,-1.2903011723063411,0.2232767404476288,-1.3182505775005173,-2.38527500935923
Albert Johansson,DET,D,82,2.712925524977175,0.2,0.0040316924974338,52.0,160.0,1.0,0.2,1150.05,1.0,2.712925524977175,0.0040316924974338,1.0502056963455821,0.5391433037174336,1.204110836004054,2.7934598360670697
Dmitry Orlov,SJS,D,82,3.996400902111549,0.3118811881188119,-0.0056011491405627,95.0,202.0,1.0,0.3118811881188119,1426.2833333333333,1.0,3.996400902111549,-0.0056011491405627,-1.4688068153230107,-1.0846543099491528,-0.11169064727221736,-2.665151772544381
Vladislav Gavrikov,NYR,D,82,3.475877534494036,0.35751295336787564,-0.0039427553493917,93.0,193.0,1.0,0.35751295336787564,1605.35,1.0,3.475877534494036,-0.0039427553493917,-0.4472018052043718,-0.8051006764708555,-0.6483523096016426,-1.9006547912768699
Dmitri Simashev,UTA,D,28,4.407083979433608,0.3404255319148936,-0.0008296445783898,30.0,47.0,0.45491803278688525,0.3191995972507353,408.43333333333334,0.45805513929261377,3.778935960097082,7.15997279507137e-05,-1.0419993209659333,-0.12840521733583812,-0.19776028733343465,-1.3681648256352061
Axel Sandin-Pellikka,DET,D,68,3.385800223590581,0.2890625,-0.003371252491665,53.0,128.0,0.9196721311475409,0.2900603504147009,939.2166666666667,0.8605485041616263,3.3665867576707047,-0.0027849162011446466,-0.23270229930607692,-0.6099249934701796,0.14493775559126945,-0.697689537184987
Wyatt Kaiser,CHI,D,77,3.891304894296272,0.35947712418300654,-0.0040826018189148,86.0,153.0,1.0,0.35947712418300654,1326.0333333333333,1.0,3.891304894296272,-0.0040826018189148,-1.2625401713892674,-0.8286744433846172,-0.6714523402271007,-2.7626669550009852
Adam Larsson,SEA,D,82,1.9283992500669582,0.13963963963963963,-0.0029285124730367,48.0,222.0,1.0,0.13963963963963963,1493.4666666666667,1.0,1.9283992500669582,-0.0029285124730367,2.5899559225197204,-0.6341308604814254,1.9139911387490538,3.8698162007873487
Colton White,NJD,D,23,4.5288444258072245,0.4722222222222222,0.0035107074380753,21.0,36.0,0.3918032786885246,0.3683802328302244,278.21666666666664,0.3593117518551284,3.7082361520089773,0.0017953476464879043,-0.9032403667083646,0.16216509014672037,-0.7761591614608784,-1.5172344380225224
Declan Chisholm,WSH,D,26,4.740538431525556,0.5142857142857142,-0.0121493805460173,27.0,35.0,0.3860655737704918,0.38363985761914854,341.73333333333335,0.4074764836513983,3.8561869795787516,-0.004456815108671029,-1.193616008033165,-0.8917551696898894,-0.9556230844769914,-3.0409942622000457
Braden Schneider,NYR,D,82,3.5030540347257233,0.32222222222222224,-0.0002028961068175,83.0,180.0,1.0,0.32222222222222224,1421.6166666666666,1.0,3.5030540347257233,-0.0002028961068175,-0.5005397541253958,-0.17467668096084876,-0.23330848348457703,-0.9085249185708215
Niko Mikkola,FLA,D,68,3.320938945814765,0.2848101265822785,0.007171966554616,65.0,158.0,1.0,0.2848101265822785,1174.3666666666666,1.0,3.320938945814765,0.007171966554616,-0.14311163691866202,1.0684958781642095,0.20668408151424444,1.132068322759792
Charlie McAvoy,BOS,D,69,3.731859018659295,0.2925531914893617,0.001815461605378,75.0,188.0,1.0,0.2925531914893617,1205.8333333333333,1.0,3.731859018659295,0.001815461605378,-0.9496037778915923,0.16555567826957446,0.11562019078200571,-0.6684279088400121
Ivan Provorov,CBJ,D,82,3.7659607199630787,0.29554655870445345,0.005680040351706,102.0,247.0,1.0,0.29554655870445345,1625.0833333333333,1.0,3.7659607199630787,0.005680040351706,-1.0165334703374354,0.8170035045642866,0.08041608642957769,-0.11911387934357105
Troy Stecher,TOR,D,64,3.8654860646426292,0.3443708609271523,-0.0005470788528967,69.0,151.0,1.0,0.3443708609271523,1071.0166666666667,0.9604925343492154,3.841091599799092,-0.0004925421219901049,-1.1639890660514258,-0.22350199398064557,-0.49379205673326887,-1.8812831167653403
Alex Vlasic,CHI,D,80,3.428047447186203,0.23580786026200873,0.0067706469822144,81.0,229.0,1.0,0.23580786026200873,1417.7166666666667,1.0,3.428047447186203,0.0067706469822144,-0.353328100644773,1.000845875343344,0.7829852076663767,1.4305029823649478
Rasmus Ristolainen,PHI,D,44,2.716688227684347,0.2457627118644068,0.0080146532699696,35.0,118.0,0.862295081967213,0.25343590635137153,773.0,0.7345062920902016,2.8577538362637522,0.006108058979159628,0.7659584605401955,0.8891541379892748,0.5756669839180358,2.2307795824475063
Uvis Balinskis,FLA,D,54,2.262041470760297,0.23076923076923078,0.0054809480851501,29.0,78.0,0.6327868852459015,0.2567368856284364,769.2166666666667,0.7316373878346903,2.526641614580324,0.004233703027316424,1.415815749621337,0.573195998517797,0.5368451453046161,2.52585689344375
Luke Hughes,NJD,D,68,4.097239095129094,0.3128205128205128,-0.0064790557588359,89.0,195.0,1.0,0.3128205128205128,1303.3166666666666,1.0,4.097239095129094,-0.0064790557588359,-1.6667168604945704,-1.2326420715408215,-0.12273776660083593,-3.022096698636228
Sean Walker,CAR,D,81,3.48326995342139,0.2823529411764706,0.0033906485257452,86.0,170.0,1.0,0.2823529411764706,1481.3666666666666,1.0,3.48326995342139,0.0033906485257452,-0.4617105336936374,0.43108322024451573,0.23558231057321197,0.2049549971240903
Adam Fox,NYR,D,55,3.2752262278036812,0.22142857142857142,-0.0006854039427519,56.0,140.0,0.9885245901639343,0.22234724853699475,1025.8833333333334,0.9262678967988878,3.2732203571122267,-0.0005734239806644208,-0.04945676505875795,-0.23713616072394816,0.941291471403679,0.6546985456209728
Daemon Hunt,MIN,D,32,2.1968736797634136,0.23404255319148937,0.0029295794005062,13.0,47.0,0.45491803278688525,0.2708040618478752,355.05,0.4175745210970083,2.809088882111099,0.0017086744019659287,0.8614707162283527,0.147554675804562,0.3714052563807511,1.3804306484136657
Jayden Struble,MTL,D,59,3.5236052395926616,0.6470588235294118,-0.0087568157559027,47.0,51.0,0.47786885245901634,0.46662382000510266,800.3166666666667,0.755220539115677,3.456147970861687,-0.006409343340620593,-0.40847958386296096,-1.2208907251993188,-1.9315728632693505,-3.5609431723316303
Michael Kesselring,BUF,D,34,5.4116064717749905,0.45614035087719296,0.0024434658037994,38.0,57.0,0.5122950819672131,0.38071403882786437,421.31666666666666,0.46782457977503744,4.260199666037877,0.0015865948177459423,-1.9865513694700432,0.12697585337776118,-0.9212133971104163,-2.780788913202698
Erik Karlsson,PIT,D,75,3.8544388502963485,0.3170731707317073,-0.0011889843608186,84.0,164.0,1.0,0.3170731707317073,1307.5833333333333,1.0,3.8544388502963485,-0.0011889843608186,-1.1901850426926228,-0.34090050295286756,-0.17275201547951255,-1.703837561125003
Nikolas Matinpalo,OTT,D,50,3.0011432926829267,0.3698630136986301,-0.0011189266102593,35.0,73.0,0.6040983606557377,0.342791934909367,699.7333333333333,0.6789481286222399,3.0804039644195784,-0.0004921487327715366,0.32897426236930805,-0.22343568078892512,-0.4752227759532046,-0.3696841943728217
Zach Whitecloud,CGY,D,78,2.8557829604950022,0.29545454545454547,0.0095627623259743,65.0,176.0,1.0,0.29545454545454547,1365.65,1.0,2.8557829604950022,0.0095627623259743,0.7698265991962797,1.4715097150140397,0.08149822698194138,2.322834541192261
Moritz Seider,DET,D,82,3.163542754349871,0.23481781376518218,0.0080396483122702,85.0,247.0,1.0,0.23481781376518218,1612.1166666666666,1.0,3.163542754349871,0.0080396483122702,0.16580194463697656,1.2147600461479737,0.7946288509896264,2.175190841774577
Joel Hanley,CGY,D,68,3.4844860017897257,0.3669724770642202,0.0037903390209386,53.0,109.0,0.810655737704918,0.35457274590907795,912.6166666666667,0.8403777059598823,3.4467409763015517,0.0033183355708933143,-0.390016949194358,0.4188935042771625,-0.6137734013823486,-0.5848968462995441
Matt Roy,WSH,D,79,2.6292085595345327,0.28662420382165604,-0.0060234230761953,60.0,157.0,1.0,0.28662420382165604,1369.2333333333333,1.0,2.6292085595345327,-0.0060234230761953,1.2145127700502492,-1.155836566936451,0.18534925693394178,0.24402546004773995
Logan Stanley,BUF,D,76,3.2925512774379273,0.36619718309859156,-0.0017264820523664,62.0,142.0,1.0,0.36619718309859156,1111.6,0.9912669037860868,3.2921623935538022,-0.0017041269065097245,-0.08663334642749866,-0.4277375202969372,-0.7504849607909858,-1.2648558275154218
Vincent Desharnais,SJS,D,53,3.0589568172905137,0.256198347107438,-0.0001093278115898,39.0,121.0,0.8795081967213114,0.26165498377474067,764.9666666666667,0.728414609926517,3.1103039901349936,0.00014668617219962396,0.2702909870855174,-0.11574797728435021,0.47900485110847885,0.6335478609096461
Max Crozier,TBL,D,35,2.4870057240607935,0.3488372093023256,-0.0093389169033723,21.0,43.0,0.43196721311475406,0.321939442524598,506.6333333333333,0.5325202664885261,2.8427651198080515,-0.004583594371074119,0.7953760597855063,-0.9131262117446578,-0.22998279529846957,-0.34773294725762105
Donovan Sebrango,FLA,D,42,2.7066915429812592,0.2835820895522388,-0.0151641722626208,27.0,67.0,0.569672131147541,0.29128609012227263,598.5166666666667,0.6021954610287612,2.922035008981726,-0.008800290475639103,0.6397970388050644,-1.6239300772563416,0.1305221942940408,-0.8536108441572364
Connor Murphy,EDM,D,80,3.148296823030164,0.2696629213483146,-0.0010002948907791,61.0,178.0,1.0,0.2696629213483146,1162.5333333333333,1.0,3.148296823030164,-0.0010002948907791,0.1957243665474999,-0.30909332468829487,0.3848258714742728,0.27145691333347777
Kaedan Korczak,VGK,D,78,4.5288715561705875,0.5254237288135594,-0.0027794092410845,90.0,118.0,0.862295081967213,0.49458622588457524,1192.35,1.0,4.5288715561705875,-0.0027794092410845,-2.5138601631058166,-0.6089966912162579,-2.2604304286101025,-5.3832872829321765
Connor Clifton,PIT,D,50,2.631939684715559,0.21333333333333335,0.0091971267132455,32.0,75.0,0.6155737704918032,0.2472210383234379,729.5,0.7015202123241915,2.8158276181303212,0.006700704528025249,0.8482449382760299,0.9890557520885047,0.648758204229687,2.4860588945942217
Jeremy Lauzon,VGK,D,68,2.64019948173862,0.1888111888111888,-0.0036365401680645,45.0,143.0,1.0,0.1888111888111888,1022.65,0.9238160579197283,2.6865057499837457,-0.003296007306687165,1.1020584587355453,-0.6960790639650796,1.3356991271714813,1.741678521941947
Ryan McDonagh,TBL,D,48,3.0075867052023124,0.2727272727272727,0.0081405915327384,37.0,110.0,0.8163934426229509,0.2780073285186776,738.1333333333333,0.7080668748984418,3.077777551018139,0.006007361873801236,0.3341289917368568,0.8721797367140456,0.2866897726676972,1.4929985011185996
Cale Makar,COL,D,75,2.970037125464068,0.3464566929133858,0.0052758881458205,66.0,127.0,0.9139344262295082,0.3425861542135234,1333.3166666666666,1.0,2.970037125464068,0.0052758881458205,0.5455857012447235,0.7488760078050379,-0.47280265019861323,0.8216590588511482
Jacob Trouba,ANA,D,81,3.142310403867459,0.25213675213675213,0.006879873844132,78.0,234.0,1.0,0.25213675213675213,1489.35,1.0,3.142310403867459,0.006879873844132,0.20747361007768308,1.0192581283830378,0.590945951466946,1.8176776899276668
Tyler Kleven,OTT,D,70,4.245744169084899,0.6597938144329897,0.0020158651841285,76.0,97.0,0.7418032786885246,0.5672795808918654,1074.0166666666667,0.9627674364020438,4.208596391864127,0.001971836627377788,-1.885272220993529,0.1919156452557158,-3.115355424949484,-4.808712000687297
J.J. Moser,TBL,D,79,2.8069685437977867,0.2558139534883721,0.0038561594378335,67.0,172.0,1.0,0.2558139534883721,1432.15,1.0,2.8069685437977867,0.0038561594378335,0.8656321974966017,0.5095538872181248,0.5476994765758421,1.9228855612905686
Samuel Girard,PIT,D,60,3.0286034772854737,0.26717557251908397,0.0084954202045631,51.0,131.0,0.9368852459016392,0.26934098589084704,1010.3666666666667,0.9145015978478703,3.0473633573182335,0.007840324331283515,0.3938213986402365,1.1811602199662554,0.3886120589431187,1.9635936775496106
Lian Bichsel,DAL,D,50,2.9802009796031,0.33766233766233766,-0.0048550447008987,36.0,77.0,0.6270491803278688,0.3241698652956334,724.7833333333333,0.697943560763356,3.061097855915017,-0.0031368323868411975,0.3668653896484335,-0.6692471212513188,-0.25621413623976325,-0.5585958678426486
Olli Mtt,CGY,D,43,4.132148917057591,0.41333333333333333,,,75.0,0.6155737704918032,0.37033579242179854,667.9333333333333,0.6548341668622599,3.8269782989155114,0.0008333369750548501,-1.136289600880493,0.0,-0.7991579180391142,-1.9354475189196072
Jamie Drysdale,PHI,D,78,1.8840276324052752,0.22916666666666666,0.0084678583274185,45.0,144.0,1.0,0.22916666666666666,1433.1,1.0,1.8840276324052752,0.0084678583274185,2.6770418628065613,1.2869429415880114,0.861090316580631,4.825075120975203
Nate Schmidt,UTA,D,82,2.76420187936477,0.2611111111111111,0.0033165238618175,63.0,180.0,1.0,0.2611111111111111,1367.4833333333333,1.0,2.76420187936477,0.0033165238618175,0.9495681768759887,0.4185881064532886,0.4854011762597385,1.8535574595890159
Mason Lohrei,BOS,D,73,4.648901583057336,0.4778761061946903,-0.0008199195163111,85.0,113.0,0.833606557377049,0.4485257361049249,1097.0333333333333,0.9802209904851318,4.621193560179636,-0.0007872197404378553,-2.6950559128212106,-0.27317547887932714,-1.7187266641833734,-4.6869580558839115
Denton Mateychuk,CBJ,D,75,3.578480757606286,0.3248407643312102,0.0093594830219077,74.0,157.0,1.0,0.3248407643312102,1240.75,1.0,3.578480757606286,0.0093594830219077,-0.6485759860899807,1.4372431443326388,-0.26410438089110777,0.5245627773515503
Philip Broberg,STL,D,81,3.831972609955228,0.24358974358974358,0.0096217976849423,97.0,234.0,1.0,0.24358974358974358,1518.8,1.0,3.831972609955228,0.0096217976849423,-1.1460916837410928,1.481461241117829,0.6914647849976194,1.0268343423743556
Mattias Ekholm,EDM,D,82,3.7165062057765916,0.3875968992248062,-0.0064234688308534,89.0,129.0,0.9254098360655738,0.38117377761852717,1436.8333333333333,1.0,3.7165062057765916,-0.0064234688308534,-0.919471584917868,-1.223271843688948,-0.9266202487254648,-3.069363677332281
Hampus Lindholm,BOS,D,67,3.566978426986534,0.26875,0.0013704351791273,66.0,160.0,1.0,0.26875,1110.1833333333334,0.9901926444833624,3.5638503018261316,0.0013651676660926138,-0.6198615270374759,0.08965011981255681,0.3955624687916994,-0.13464893843321973
Ryan Lindgren,SEA,D,76,3.385724667626145,0.27976190476190477,0.003068736471655,66.0,168.0,1.0,0.27976190476190477,1169.6166666666666,1.0,3.385724667626145,0.003068736471655,-0.270263311760073,0.3768188562192296,0.26605472166244754,0.37261026612160414
Jackson LaCombe,ANA,D,82,3.7416244665089224,0.23214285714285715,0.0116061165645177,94.0,280.0,1.0,0.23214285714285715,1507.3666666666666,1.0,3.7416244665089224,0.0116061165645177,-0.9687699307866963,1.815955711440944,0.8260882227619141,1.6732740034161617
Elias Pettersson,VAN,D,70,4.140166233947272,0.38405797101449274,0.0020500282422621,118.0,138.0,0.9770491803278687,0.38216284720805593,956.4833333333333,0.8736418293101269,4.027436442133924,0.001896289359443448,-1.5297187073745004,0.17918072465794235,-0.9382524029316158,-2.288790385648174
Emil Lilleberg,TBL,D,50,3.2289114455722783,0.2840909090909091,0.0058844717976889,41.0,88.0,0.6901639344262294,0.2894801388573848,761.8666666666667,0.726063877805261,3.2341463467353013,0.004500783511693718,0.027231828095482587,0.6182174646112608,0.1517614516975335,0.797210744404277
Drew Helleson,ANA,D,60,2.716631082971361,0.22131147540983606,-0.0205731244725845,41.0,122.0,0.8852459016393441,0.23051168374212083,905.5333333333333,0.8350064094462599,2.8043070759614417,-0.01704119553728827,0.8708557264388751,-3.0130904596688977,0.8452719695227224,-1.2969627637073002
Noah Dobson,MTL,D,80,3.417000632777895,0.33879781420765026,-0.0166198215354764,82.0,183.0,1.0,0.33879781420765026,1422.3,1.0,3.417000632777895,-0.0166198215354764,-0.33164707410981986,-2.942059903544696,-0.4282491065448828,-3.7019560841993986
Urho Vaakanainen,NYR,D,34,2.938666468776669,0.2777777777777778,0.0157331028180769,22.0,54.0,0.4950819672131147,0.2897478401294601,449.18333333333334,0.4889558921768646,3.096760473067283,0.00811866527605607,0.29687216624435114,1.2280798495929477,0.14861309640390263,1.6735651122412016
Noah Juulsen,PHI,D,52,4.71364600518501,0.8245614035087719,0.0061194427359092,50.0,57.0,0.5122950819672131,0.569454332184206,636.45,0.6309603336523011,4.1727723822874125,0.0041686600296448615,-1.8149622408025876,0.5622317713069808,-3.1409320301351573,-4.393662499630764
Cale Fleury,SEA,D,23,3.11254142850281,0.3333333333333333,0.0153408951289545,18.0,42.0,0.4262295081967213,0.315059538481275,346.98333333333335,0.41145756224384783,3.19227712905988,0.0068025814871692574,0.1094064339018238,1.0062290400301568,-0.14907028357764784,0.9665651903543326
John Carlson,ANA,D,71,4.955537813506594,0.49612403100775193,-0.0058106622463788,100.0,129.0,0.9254098360655738,0.4816058528504499,1210.7666666666667,1.0,4.955537813506594,-0.0058106622463788,-3.351256547706414,-1.1199717057956826,-2.1077721097366577,-6.579000363238754
Justin Barron,NSH,D,52,4.307765944717003,0.49333333333333335,0.003716964382652,50.0,75.0,0.6155737704918032,0.4195816940611428,696.4166666666666,0.6764330980193907,3.96486767882052,0.0027839179959094147,-1.4069181453738522,0.3288073162578993,-1.378324366946635,-2.456435196062588
Jacob Bernard-Docker,DET,D,63,2.8770653932988353,0.23809523809523808,0.0006707855159317,40.0,126.0,0.9081967213114754,0.24391460031781587,834.1833333333333,0.7809016556231605,2.958341235686166,0.0007064002715016217,0.568540635332678,-0.021397581737812643,0.6876442413312807,1.234787294926146
Brayden McNabb,VGK,D,63,2.4143029157585087,0.16049382716049382,0.0046631907346943,44.0,162.0,1.0,0.16049382716049382,1093.4833333333333,0.9775290230559517,2.4330373841324024,0.004577130179162366,1.599528060620147,0.6310871391170665,1.6687312221013895,3.899346421838603
Jakob Chychrun,WSH,D,80,3.5859351654067932,0.46511627906976744,0.0046601052346046,90.0,129.0,0.9254098360655738,0.45291097421275767,1505.8833333333334,1.0,3.5859351654067932,0.0046601052346046,-0.6632063770200216,0.6450741537576368,-1.7703001494477453,-1.7884323727101301
Timothy Liljegren,WSH,D,47,3.341103341103341,0.2421875,0.0034431399428122,43.0,128.0,0.9196721311475409,0.24695071926715995,772.2,0.7338996515427807,3.3163341986540065,0.002748670463687284,-0.13407413147237945,0.3228656781763418,0.651937346507213,0.8407288932111754
Cam York,PHI,D,74,2.6597882020505774,0.18435754189944134,0.0065529168708236,57.0,179.0,1.0,0.18435754189944134,1285.8166666666666,1.0,2.6597882020505774,0.0065529168708236,1.15449564508424,0.9641433478248626,1.3880771480970633,3.506716141006166
Elias Salomonsson,WPG,D,32,3.5925753442884707,0.3157894736842105,-0.0014102621431989,31.0,76.0,0.6213114754098361,0.31037242740799525,501.03333333333336,0.52827378265658,3.4300402057521016,-0.000351897617910026,-0.35723918756522555,-0.19979370325159213,-0.09394655986501832,-0.6509794506818359
